"id","title","img","num","name"
"1","又香又酥，真的好吃","https://cp1.douguo.com/upload/note/7/8/7/320_78358e798656469bf3f3c552dd3f5fe7.jpeg","0","芳芳sh"
"2","一次成功‼️可爱圣诞纸杯蛋糕㊙️不开裂不回缩","https://cp1.douguo.com/upload/note/f/2/f/320_1608023429550.jpg","32","吃货椰椰"
"3","冬天做面包不易","https://cp1.douguo.com/upload/note/e/d/4/320_eda670ca4e042cca8827c7313bef5374.jpg","42","Wing698"
"4","我的晚餐","https://cp1.douguo.com/upload/note/1/3/8/320_13c20da6318e55cae4a71e2a87ce7ab8.jpg","53","竹间心月"
"5","拉花","https://cp1.douguo.com/upload/note/d/b/d/320_dbd25cbf54b0a31fc07f0eb4d995948d.jpeg","56","丸子兔啦啦1"
"6","坚持不被世界所改变","https://cp1.douguo.com/upload/note/6/9/a/320_69bd5eb177f01882c313c04367c6073a.jpg","12","啵一个zz"
"7","今天彻底给自己放了一天假，汗蒸房待了一天，吃了个烤肉","https://cp1.douguo.com/upload/note/4/f/8/320_4fc2795ff7a036f78fa127ed19764b58.jpg","23","张大厨的小厨房"
"8","双色布丁","https://cp1.douguo.com/upload/note/b/b/4/320_bb346fe1284aa0096632ecb89642f694.jpeg","56","sun岳琳"
"9","糖醋鸡柳","https://cp1.douguo.com/upload/note/a/f/c/320_afe0752686d065832206b9e8941fdb4c.jpeg","52","波德维尔"
"10","南瓜子好吃","https://cp1.douguo.com/upload/note/3/f/5/320_3ffa41a1798a38f677fdf8fab9f3c235.jpeg","52","桥边姑娘爱做美食"
"11","无骨猪手","https://cp1.douguo.com/upload/note/f/6/1/320_f677bedc9a8079934a66737714216281.jpeg","28","荳妈tt"
"12","再配一盘油焖煮笋一碗饭 哇哈哈哈哈 暖暖和和吃晚饭啦","https://cp1.douguo.com/upload/note/4/f/b/320_4fd87b43fde3743ccccedcac945503bb.jpeg","26","非我不可"
