"id","name","img","like","content","title"
"1","芳芳sh","https://cp1.douguo.com/upload/note/7/8/7/320_78358e798656469bf3f3c552dd3f5fe7.jpeg","0","https://www.douguo.com/dish/29803563","又香又酥，真的好吃"
"2","吃货椰椰","https://cp1.douguo.com/upload/note/f/2/f/320_1608023429550.jpg","32","https://www.douguo.com/dish/29803552","一次成功‼️可爱圣诞纸杯蛋糕㊙️不开裂不回缩"
"3","Wing698","https://cp1.douguo.com/upload/note/e/d/4/320_eda670ca4e042cca8827c7313bef5374.jpg","42","https://www.douguo.com/dish/29803546","冬天做面包不易"
"4","竹间心月","https://cp1.douguo.com/upload/note/1/3/8/320_13c20da6318e55cae4a71e2a87ce7ab8.jpg","53","https://www.douguo.com/dish/29803541","我的晚餐"
"5","丸子兔啦啦1","https://cp1.douguo.com/upload/note/d/b/d/320_dbd25cbf54b0a31fc07f0eb4d995948d.jpeg","56","https://www.douguo.com/dish/29803532","拉花"
"6","啵一个zz","https://cp1.douguo.com/upload/note/6/9/a/320_69bd5eb177f01882c313c04367c6073a.jpg","12","https://www.douguo.com/dish/29803562","坚持不被世界所改变"
"7","张大厨的小厨房","https://cp1.douguo.com/upload/note/4/f/8/320_4fc2795ff7a036f78fa127ed19764b58.jpg","23","https://www.douguo.com/dish/29803550","今天彻底给自己放了一天假，汗蒸房待了一天，吃了个烤肉"
"8","sun岳琳","https://cp1.douguo.com/upload/note/b/b/4/320_bb346fe1284aa0096632ecb89642f694.jpeg","56","https://www.douguo.com/dish/29803542","双色布丁"
"9","波德维尔","https://cp1.douguo.com/upload/note/a/f/c/320_afe0752686d065832206b9e8941fdb4c.jpeg","52","https://www.douguo.com/dish/29803538","糖醋鸡柳"
"10","桥边姑娘爱做美食","https://cp1.douguo.com/upload/note/3/f/5/320_3ffa41a1798a38f677fdf8fab9f3c235.jpeg","52","https://www.douguo.com/dish/29803530","南瓜子好吃"
"11","荳妈tt","https://cp1.douguo.com/upload/note/f/6/1/320_f677bedc9a8079934a66737714216281.jpeg","28","https://www.douguo.com/dish/29803561","无骨猪手"
"12","非我不可","https://cp1.douguo.com/upload/note/4/f/b/320_4fd87b43fde3743ccccedcac945503bb.jpeg","26","https://www.douguo.com/dish/29803549","再配一盘油焖煮笋一碗饭 哇哈哈哈哈 暖暖和和吃晚饭啦"
"13","家有小学生被迫下厨的小导爷","https://cp1.douguo.com/upload/note/e/f/a/320_efb0b72d24dca9788e9c47ec36b81f0a.jpg","55","https://www.douguo.com/dish/29803543","小学生营养晚餐"
"14","处女座烘焙","https://cp1.douguo.com/upload/note/b/2/8/320_b2ddf7a6d434f80aed82777efd4d5f98.jpg","52","https://www.douguo.com/dish/29803524","给姐妹们推荐一款超好用的苏泊尔破壁机‼️"
"15","热心给儿子做饭的米妈","https://cp1.douguo.com/upload/note/b/b/b/320_bb53856311829be75c9c355bce5624ab.jpg","51","https://www.douguo.com/dish/29803537","天气冷，在家做玛德琳蛋糕吧，太好吃了"
"16","莱德斯厨具","https://cp1.douguo.com/upload/note/d/4/6/320_1608023548902.jpg","16","https://www.douguo.com/dish/29803560","爆酱鸡胸肉"
"17","金先生的花","https://cp1.douguo.com/upload/note/e/3/3/320_e331fa6d289306f6dc56e3b627edbca3.jpg","37","https://www.douguo.com/dish/29803547","#值班晚餐#"
"18","兔儿一枚","https://cp1.douguo.com/upload/note/d/d/b/320_ddfc8fde49656ca513d7beb1a08a072b.jpeg","43","https://www.douguo.com/dish/29803544","晚餐"
"19","金子爸爸","https://cp1.douguo.com/upload/note/2/2/6/320_1608022993577.jpg","53","https://www.douguo.com/dish/29803540","麻辣牛肉干"
"20","加加贝","https://cp1.douguo.com/upload/note/d/6/4/320_d69e543987bf78066ee6fb20e9724a04.jpg","62","https://www.douguo.com/dish/29803534","鸡蛋豆腐汤"
"21","写给女儿的美食日记","https://cp1.douguo.com/upload/note/f/4/4/320_f4142080e8d457f5f41cbf42800e2cf4.jpg","54","https://www.douguo.com/dish/29803527","【脆皮烤鸡腿】。"
"22","如是rushi","https://cp1.douguo.com/upload/note/c/1/6/320_c11d65d63440166218ecacd64939b566.jpg","58","https://www.douguo.com/dish/29803519","厨房里的小可爱。"
"23","处女座烘焙","https://cp1.douguo.com/upload/note/d/4/8/320_d47ede26694bef0d31a13e8430d54038.jpg","77","https://www.douguo.com/dish/29803497","给姐妹们推荐一款超好用的破壁机‼️"
"24","百合Zhang","https://cp1.douguo.com/upload/note/d/b/d/320_dbd25cbf54b0a31fc07f0eb4d995948d.jpeg","106","https://www.douguo.com/dish/29803481","肉丝炒彩蔬"
"25","song1109","https://cp1.douguo.com/upload/note/f/7/9/320_f7c95889b0774d4e4015d8e30dade3e9.jpg","112","https://www.douguo.com/dish/29803480","12.15辣白菜炒肉片，洋葱烧鸡块，凉拌芹菜"
"26","Q弹的千层糕","https://cp1.douguo.com/upload/note/9/1/a/320_91d2221bc9fd9190a219cfdeefe6e52a.jpeg","131","https://www.douguo.com/dish/29803451","（懒人版）梅菜跺猪肉"
"27","心玲感应_","https://cp1.douguo.com/upload/note/2/4/e/320_2470251c768ca715b4533ee5a2ea9cde.jpeg","100","https://www.douguo.com/dish/29803476","冬日里的一碗暖汤，番茄豆腐浓汤，不加一滴水，汤汁浓郁豆腐软"
"28","蜀念","https://cp1.douguo.com/upload/note/a/a/1/320_aa73b61928bbcd980ac1fdd7ab882621.jpg","152","https://www.douguo.com/dish/29803443","有点丰盛，不相信出自我手"
"29","蜀念","https://cp1.douguo.com/upload/note/4/5/a/320_45377b0eba2cb8d641444a6c17138d4a.jpg","166","https://www.douguo.com/dish/29803442","在家吃火锅"
"30","??虫虫??","https://cp1.douguo.com/upload/note/0/5/6/320_059bb7f9385faeeb501d0a32a41e90c6.jpeg","80","https://www.douguo.com/dish/29803500","美妙滴食物"
"31","加加贝","https://cp1.douguo.com/upload/note/7/1/d/320_71373accb63943097955de32c2f7a28d.jpg","167","https://www.douguo.com/dish/29803419","水煮牛肉"
"32","Z郑拾贰","https://cp1.douguo.com/upload/note/9/1/2/320_1608019581108.jpg","175","https://www.douguo.com/dish/29803418","厨房好物——小型原汁机"
"33","书拉密女的小饭馆","https://cp1.douguo.com/upload/note/0/d/4/320_1608019266132.jpg","227","https://www.douguo.com/dish/29803401","加了培根的鸡蛋杯"
"34","秋食工作室","https://cp1.douguo.com/upload/note/a/c/1/320_ac1194da21bcbae7f80954c70a0b99b1.jpeg","123","https://www.douguo.com/dish/29803468","不加一滴水的三汁焖锅，酱香浓郁太下饭，干饭人必备黄肖氏烧汁"
"35","大jia","https://cp1.douguo.com/upload/note/0/a/5/320_1607954116498.jpg","312","https://www.douguo.com/dish/29801139","给自己暖暖胃"
"36","食膳派","https://cp1.douguo.com/upload/note/6/1/3/320_1608021163668.jpg","166","https://www.douguo.com/dish/29803460","30秒教你做柚子糖"
"37","娜娜food","https://cp1.douguo.com/upload/note/b/b/4/320_bb346fe1284aa0096632ecb89642f694.jpeg","388","https://www.douguo.com/dish/29790333","红糖糯米藕"
"38","娜娜food","https://cp1.douguo.com/upload/note/f/5/5/320_f5da8ee68feb329a6fce04d5564a1ab5.jpg","436","https://www.douguo.com/dish/29779940","麻辣卤猪蹄，美味还有满满的胶原蛋白"
"39","流光舞","https://cp1.douguo.com/upload/note/e/3/f/320_e348060c436d943236628c2efea1985f.jpeg","197","https://www.douguo.com/dish/29803410","可以多吃一碗饭的糖醋排骨"
"40","快乐wenxie","https://cp1.douguo.com/upload/note/5/9/e/320_5974cfe67af2bd731234fd6a8b012b2e.jpg","164","https://www.douguo.com/dish/29800818","胡萝卜玉米椰子排骨汤"
"41","朱爱凝","https://cp1.douguo.com/upload/note/6/0/a/320_60bc6320bed3d3f94c9533691f3e798a.jpeg","159","https://www.douguo.com/dish/29803423","豆浆破壁机"
"42","张大厨的小厨房","https://cp1.douguo.com/upload/note/4/f/8/320_4fc2795ff7a036f78fa127ed19764b58.jpg","12","https://www.douguo.com/dish/29803550","今天彻底给自己放了一天假，汗蒸房待了一天，吃了个烤肉"
"43","桥边姑娘爱做美食","https://cp1.douguo.com/upload/note/3/f/5/320_3ffa41a1798a38f677fdf8fab9f3c235.jpeg","52","https://www.douguo.com/dish/29803530","南瓜子好吃"
"44","晨曦阳光123","https://cp1.douguo.com/upload/note/f/7/c/320_f7d5ff2edc6b12e3109723ecec16d11c.jpg","84","https://www.douguo.com/dish/29803495","今天吃这个"
"45","笑饮风尘","https://cp1.douguo.com/upload/note/d/8/7/320_d85b3cbe9323eb4135254b59543447c7.jpg","111","https://www.douguo.com/dish/29803488","麻辣基围虾"
"46","LuanneBoa","https://cp1.douguo.com/upload/note/8/c/a/320_8c495539075347db0d98230eae33779a.jpg","114","https://www.douguo.com/dish/29803482","韩国"
"47","俗得无味","https://cp1.douguo.com/upload/note/1/5/b/320_15c55e2654a87728b8aca2e493ba049b.jpeg","74","https://www.douguo.com/dish/29803508",
"48","三生有信不负你","https://cp1.douguo.com/upload/note/1/5/b/320_15c55e2654a87728b8aca2e493ba049b.jpeg","74","https://www.douguo.com/dish/29803508",
"49","三生有信不负你","https://cp1.douguo.com/upload/note/5/7/8/320_57ac68fc5193ab3b31fc987d593fd058.jpeg","82","https://www.douguo.com/dish/29803505",
"50","全神贯注的黄鲂","https://cp1.douguo.com/upload/note/0/d/0/320_0d3a37fda5be6c7813a82e2dbc28c2c0.jpeg","77","https://www.douguo.com/dish/29803470","边学边自由发挥,然后就咸了"
"51","百合Zhang","https://cp1.douguo.com/upload/note/1/c/8/320_1c483bcf38aafc9b929db8401fb6ad48.jpeg","80","https://www.douguo.com/dish/29803504","老北京炸酱面"
"52","琪琪小语妈","https://cp1.douguo.com/upload/note/c/d/6/320_cde1690bc313a213fe2afa79208f4576.jpg","157","https://www.douguo.com/dish/29803421","女儿放学点心"
"53","我是王梅子","https://cp1.douguo.com/upload/note/d/9/4/320_d9354c2865b7ec4c53753f7da3191a34.jpeg","165","https://www.douguo.com/dish/29803441","坐了这么多次飞机，真的得夸一下四川航空，餐食丰富，人又漂亮。来说一说感受：首先送来了一袋椒盐花生，本来以为是特价航班，没有餐食，结果送来了一份饭，味道还不差，又有四五种饮品供选择，以为就这样结束了。当饭吃完的时候又送来了一包饼干，紧接着送来了红枣茶，只收垃圾，来来***走了5趟。虽然不是什么样的大餐，但是感觉完全不同，服务优质，小吃丰富，人又漂亮，一趟又一趟，找不出来拒绝川航的理由。下飞机的时候送了"
"54","美食yc美刻","https://cp1.douguo.com/upload/note/5/b/e/320_5b52d49eec813f6842ab8dc81239316e.jpeg","82","https://www.douguo.com/dish/29803502",
"55","Ireneemdx","https://cp1.douguo.com/upload/note/7/3/4/320_73aae2c7b0285f8c01a816e1bdbbffa4.jpeg","106","https://www.douguo.com/dish/29803471","自己做汉堡"
"56","晨曦阳光123","https://cp1.douguo.com/upload/note/3/4/b/320_34a6cd1ebd391ab0dfd277d16d1139eb.jpg","168","https://www.douguo.com/dish/29803399","美美哒！很有食欲，黑熊一级大米口感微微香甜，软糯可口，颗粒饱满，且价格经济实惠，值得尝试。"
"57","艺术家手作","https://cp1.douguo.com/upload/note/e/6/b/320_e6e4b1f2e31a7b64f4dd411b5ae9922b.jpeg","172","https://www.douguo.com/dish/29803415","馋妈妈做的手擀面了，自己做的感觉还是没有妈妈做的好吃"
"58","小太阳-CYN","https://cp1.douguo.com/upload/note/c/2/9/320_c291e936c78fb9db06b12bbe652b97c9.jpg","170","https://www.douguo.com/dish/29803408","糯米肉丸"
"59","烤鸭炸酱面","https://cp1.douguo.com/upload/note/9/e/c/320_9ee0d3c95d912c52f04f653396053e8c.jpg","130","https://www.douguo.com/dish/29803457","汤汤面面"
"60","秋食工作室","https://cp1.douguo.com/upload/note/6/9/f/320_693d6b2a68307bc404d7333e4cf7d78f.jpeg","164","https://www.douguo.com/dish/29803424","冬日必吃：鲜嫩肥牛豆腐煲，10分钟吃上酱浓鲜辣的韩国味"
"61","Emily徐","https://cp1.douguo.com/upload/note/8/d/6/320_8db13ffebf4406dfffd09c82b9025426.jpeg","150","https://www.douguo.com/dish/29803427","今天晚上准备咸肉烧莴笋"
"62","豆泥丸子","https://cp1.douguo.com/upload/note/4/5/7/320_452bf878ee7fe1a78ee233d997b6b067.jpeg","165","https://www.douguo.com/dish/29801811","早安吖❄️"
"63","流光舞","https://cp1.douguo.com/upload/note/9/2/3/320_923bc8c8b9f0a65ad3f0555b83ef50e3.jpeg","162","https://www.douguo.com/dish/29803402","安佳乳酪流心蛋挞"
"64","桐桐大宝宝","https://cp1.douguo.com/upload/note/c/4/2/320_c4116df89ee6b2429520a4601f518c42.jpg","308","https://www.douguo.com/dish/29794663","放纵日"
"65","豆粉4405622455","https://cp1.douguo.com/upload/note/d/e/a/320_de73900f6534d48e9daa055c1020961a.jpeg","185","https://www.douguo.com/dish/29803391","我要吃吃吃 不要胖胖胖"
"66","老梁1","https://cp1.douguo.com/upload/note/4/7/c/320_471d51da47f95071b14731e0d6b0af2c.jpg","307","https://www.douguo.com/dish/29798192","今天早餐"
"67","花花爱吃爱减肥","https://cp1.douguo.com/upload/note/9/a/2/320_9a85a1d37640658d5507985740efef12.jpeg","165","https://www.douguo.com/dish/29797928","儿时的记忆-懒龙"
"68","嫩豆果儿","https://cp1.douguo.com/upload/note/f/9/2/320_f940e531c89ef86507f8c057f94dad82.jpg","155","https://www.douguo.com/dish/29797716","用量:三张手抓饼，一个半大苹果，15g黄油，水淀粉（1:5的比例调）用法:黄油小火融化，放苹果翻炒后，水淀粉，继续。差不多粘稠关火。放入手抓饼捏型，抹蛋黄液，撒芝麻。入烤箱（预热后），180℃，30分钟左右，差不多上色就可以。总结:手抓饼冰箱拿出来，要赶快处理，要不软塌塌的，不好掐，压的边有的都开了。"
"69","豆粉","https://cp1.douguo.com/upload/note/2/3/c/320_23e2f8db0a2a47358403de8a902ca7bc.jpg","222","https://www.douguo.com/dish/29797474","✨冬日宁园观松有感"
"70","小松鼠YY","https://cp1.douguo.com/upload/note/3/b/7/320_1608019061594.jpg","236","https://www.douguo.com/dish/29803388","记录"
"71","高小胖Pang","https://cp1.douguo.com/upload/note/b/1/8/320_b1b631e53f034517b29a242a54c2b918.jpg","172","https://www.douguo.com/dish/29793151","早餐打卡"
"72","楚楚的食光","https://cp1.douguo.com/upload/note/8/0/3/320_8044db804c743aadb3a29ca2aa487533.jpg","164","https://www.douguo.com/dish/29792809","偷懒晚餐"
"73","处女座烘焙","https://cp1.douguo.com/upload/note/4/2/9/320_420362d854055869d6789e0bd629a179.jpg","166","https://www.douguo.com/dish/29803384","给大家推荐一款超好用的橄榄油‼️"
"74","神兽饲养员xs","https://cp1.douguo.com/upload/note/7/a/1/320_7a11d1b5a614618e0639b3fcc6ba0941.jpg","177","https://www.douguo.com/dish/29790251","蔬菜肉末粥"
"75","妙江南","https://cp1.douguo.com/upload/note/2/c/b/320_2cd2d96b820807d8c897cadc448c0d7b.jpeg","182","https://www.douguo.com/dish/29803390","水煮蛋"
"76","小凡0523","https://cp1.douguo.com/upload/note/0/3/f/320_03fc987735d9bcb86d0fd47c5a70bedf.jpg","154","https://www.douguo.com/dish/29788422","2020年12月10日晚餐"
"77","5477_","https://cp1.douguo.com/upload/note/c/e/7/320_ce9cfe651413c87147219806e4a1acb7.jpeg","551","https://www.douguo.com/dish/29793459","番茄竹升面"
"78","倔强的胖纸ctuo","https://cp1.douguo.com/upload/note/5/6/d/320_1607333780398.jpg","551","https://www.douguo.com/dish/29775625","十二月开箱|三十一岁，送自己一台风炉烤箱"
"79","倔强的胖纸ctuo","https://cp1.douguo.com/upload/note/5/6/d/320_1607333780398.jpg","200","https://www.douguo.com/dish/29775625","十二月开箱|三十一岁，送自己一台风炉烤箱"
"80","里里橙","https://cp1.douguo.com/upload/note/f/9/6/320_f9b15b54fd23637fb1be2a12dc88d0a6.jpg","694","https://www.douguo.com/dish/29772316","抹茶蛋糕卷"
"81","二人厨","https://cp1.douguo.com/upload/note/5/d/6/320_5dd23bcd04f519a9156314c13348e706.jpeg","470","https://www.douguo.com/dish/29793768","咕嘟咕嘟，腊八粥红豆沙小汤圆"
"82","kimchi就是泡菜","https://cp1.douguo.com/upload/note/e/3/f/320_e3290b38c4784e1c2141a4f1caa020cf.jpg","470","https://www.douguo.com/dish/29791494","软糯鲜香，劲道十足"
"83","kimchi就是泡菜","https://cp1.douguo.com/upload/note/e/3/f/320_e3290b38c4784e1c2141a4f1caa020cf.jpg","361","https://www.douguo.com/dish/29791494","软糯鲜香，劲道十足"
"84","非我不可","https://cp1.douguo.com/upload/note/4/f/b/320_4fd87b43fde3743ccccedcac945503bb.jpeg","28","https://www.douguo.com/dish/29803549","再配一盘油焖煮笋一碗饭 哇哈哈哈哈 暖暖和和吃晚饭啦"
"85","荳妈tt","https://cp1.douguo.com/upload/note/b/2/5/320_b2192ddd80cff7cf143aea9d9c046655.jpg","1208","https://www.douguo.com/dish/29784139","虾仁蒸蛋"
"86","樱花儿开","https://cp1.douguo.com/upload/note/6/7/0/320_6762343c169898cd5fcc554152945bb0.jpg","224","https://www.douguo.com/dish/29788501",
"87","和月香","https://cp1.douguo.com/upload/note/b/2/5/320_b2192ddd80cff7cf143aea9d9c046655.jpg","1208","https://www.douguo.com/dish/29784139","虾仁蒸蛋"
"88","呱呱咪咪","https://cp1.douguo.com/upload/note/f/1/f/320_f108e19733ff25b6062a2e150a82f10f.jpg","154","https://www.douguo.com/dish/29790457","铜炉火锅～吃到嗨"
"89","找一片山林歸隱","https://cp1.douguo.com/upload/note/f/1/f/320_f108e19733ff25b6062a2e150a82f10f.jpg","154","https://www.douguo.com/dish/29790457","铜炉火锅～吃到嗨"
"90","找一片山林歸隱","https://cp1.douguo.com/upload/note/3/4/a/320_3481e08b394f1dcd7136ff3c4e4b37fa.jpeg","295","https://www.douguo.com/dish/29784784","自製的優格配上昨天的草莓果醬"
"91","二人厨","https://cp1.douguo.com/upload/note/8/9/1/320_89cbfaeaad0b3e0c57cc8baabcbb5a21.jpeg","2624","https://www.douguo.com/dish/29759099","超高颜值抹茶大福，草莓的硬芯换成蜜红豆了呦，不要太美味"
"92","处女座烘焙","https://cp1.douguo.com/upload/note/a/5/9/320_a58f3ece099d1937cfb4b69cf7a223e9.jpg","155","https://www.douguo.com/dish/29803335","天冷了，给大家推荐一款超好用的取暖器‼️"
"93","处女座烘焙","https://cp1.douguo.com/upload/note/a/5/9/320_a58f3ece099d1937cfb4b69cf7a223e9.jpg","2624","https://www.douguo.com/dish/29803335","天冷了，给大家推荐一款超好用的取暖器‼️"
"94","娟ilez","https://cp1.douguo.com/upload/note/6/a/e/320_6a6b114235a4aa33454bc785026b89de.jpeg","174","https://www.douguo.com/dish/29803363","低油低糖的蛋糕"
"95","biling","https://cp1.douguo.com/upload/note/2/8/a/320_2803bc4cfe17d6d221a6db0398f77eaa.jpeg","174","https://www.douguo.com/dish/29803350","低油低糖的蛋糕"
"96","biling","https://cp1.douguo.com/upload/note/2/8/a/320_2803bc4cfe17d6d221a6db0398f77eaa.jpeg","150","https://www.douguo.com/dish/29803350",
"97","Hello-缇缇","https://cp1.douguo.com/upload/note/7/4/f/320_745be8fe6ad66dc12e0bb852be73c58f.jpeg","185","https://www.douguo.com/dish/29803358","午餐打卡"
"98","三人行2668","https://cp1.douguo.com/upload/note/7/b/4/320_7b617636318b0713fd4e92de2f598694.jpg","180","https://www.douguo.com/dish/29803351","带着热气的大列巴好吃"
"99","桔子柠檬水","https://cp1.douguo.com/upload/note/a/3/3/320_a34f82ef64adb041d5919dd414d8f853.jpg","170","https://www.douguo.com/dish/29803378","以前我妈都蒸米饭说蒸饭好吃，收到黑熊农场的新米立马蒸了一碗"
"100","做饭为了小祖宗","https://cp1.douguo.com/upload/note/f/5/0/320_f55a9a078c96ea15dd78b23c90094cf0.jpg","156","https://www.douguo.com/dish/29803345","好好生活，好好吃饭"
"101","秋红jdgb","https://cp1.douguo.com/upload/note/1/c/0/320_1c03398a044ce2b65588f2c2c4d56ed0.jpg","156","https://www.douguo.com/dish/29803344","鸡蛋萝卜汤"
"102","晖常可乐","https://cp1.douguo.com/upload/note/a/a/9/320_aa1784ec325c72216c34457ef58d3c29.jpg","175","https://www.douguo.com/dish/29803319","葡式蛋挞"
"103","丫璇","https://cp1.douguo.com/upload/note/4/0/1/320_1607506723203.jpg","221","https://www.douguo.com/dish/29782555","Sodo小豆元气奶茶机——健康自制奶茶"
"104","美食小魔仙","https://cp1.douguo.com/upload/note/d/6/5/320_d662f69beadd89ecd58034c32757e165.jpeg","149","https://www.douguo.com/dish/29803342","早餐～"
"105","大海微澜","https://cp1.douguo.com/upload/note/2/2/9/320_22fc1978401236d55c88ed41d8587f49.jpg","172","https://www.douguo.com/dish/29803315","去除农药残留，臻米冰箱除味宝非他莫属"
"106","三人行2668","https://cp1.douguo.com/upload/note/2/2/9/320_22fc1978401236d55c88ed41d8587f49.jpg","172","https://www.douguo.com/dish/29803315","去除农药残留，臻米冰箱除味宝非他莫属"
"107","三人行2668","https://cp1.douguo.com/upload/note/b/f/0/320_bf2893a68a5ab3da3de0ef53ebff5150.jpg","202","https://www.douguo.com/dish/29803338","我的大列巴出炉了"
"108","哈密瓜的春天","https://cp1.douguo.com/upload/note/e/a/2/320_ea7504df56759399af34b54cd98bc0d2.jpeg","210","https://www.douguo.com/dish/29803313","猪骨鲍鱼汤"
"109","SPCccc999","https://cp1.douguo.com/upload/note/e/a/2/320_ea7504df56759399af34b54cd98bc0d2.jpeg","210","https://www.douguo.com/dish/29803313","猪骨鲍鱼汤"
"110","SPCccc999","https://cp1.douguo.com/upload/note/1/d/4/320_1de5c94e5ff5f3b5756479cd2298a2e4.jpg","165","https://www.douguo.com/dish/29803291",
"111","月月森林烘焙小铺","https://cp1.douguo.com/upload/note/b/6/4/320_b672f9c8d42196028ae8fbddd6bfe884.jpg","155","https://www.douguo.com/dish/29803288","薄如纸的春饼这样做！"
"112","will121","https://cp1.douguo.com/upload/note/b/6/4/320_b672f9c8d42196028ae8fbddd6bfe884.jpg","155","https://www.douguo.com/dish/29803270","薄如纸的春饼这样做！"
"113","will121","https://cp1.douguo.com/upload/note/b/6/4/320_b672f9c8d42196028ae8fbddd6bfe884.jpg","165","https://www.douguo.com/dish/29803288","薄如纸的春饼这样做！"
"114","will121","https://cp1.douguo.com/upload/note/2/0/4/320_207485242e9b3a700faf2f7180f27f94.jpg","162","https://www.douguo.com/dish/29803270","果蔬小馒头"
"115","小松鼠YY","https://cp1.douguo.com/upload/note/3/b/7/320_1608016806359.jpg","226","https://www.douguo.com/dish/29803305","记录日常"
"116","如果_有如果38","https://cp1.douguo.com/upload/note/3/4/7/320_340da99a084cc0326bbebd11a2c68167.jpg","226","https://www.douguo.com/dish/29803264","记录日常"
"117","如果_有如果38","https://cp1.douguo.com/upload/note/3/4/7/320_340da99a084cc0326bbebd11a2c68167.jpg","249","https://www.douguo.com/dish/29803264","鲜美的贝壳面"
"118","晨晨xqpf","https://cp1.douguo.com/upload/note/b/c/7/320_bc857f5e0094670370736bff49d0e6d7.jpg","159","https://www.douguo.com/dish/29803263","番茄酱汁拌米线"
"119","will121","https://cp1.douguo.com/upload/note/b/c/7/320_bc857f5e0094670370736bff49d0e6d7.jpg","159","https://www.douguo.com/dish/29803263","番茄酱汁拌米线"
"120","will121","https://cp1.douguo.com/upload/note/0/5/6/320_05beece4d10baef3478b06862f2afdf6.jpg","159","https://www.douguo.com/dish/29803281",
"121","will121","https://cp1.douguo.com/upload/note/0/5/6/320_05beece4d10baef3478b06862f2afdf6.jpg","172","https://www.douguo.com/dish/29803281",
"122","郑鸭蛋","https://cp1.douguo.com/upload/note/0/5/6/320_05beece4d10baef3478b06862f2afdf6.jpg","172","https://www.douguo.com/dish/29803259",
"123","郑鸭蛋","https://cp1.douguo.com/upload/note/6/c/5/320_6c34af46510b3d551330b10da30861a5.jpg","161","https://www.douguo.com/dish/29803259","圣诞草莓蛋糕"
"124","王小胖是吃货","https://cp1.douguo.com/upload/note/7/4/6/320_741d518c1ef009b9a3cd97c2901eaad6.jpg","188","https://www.douguo.com/dish/29803228","辣子蒜羊血，陕西名小吃自己在家也可轻松拥有"
"125","平平淡淡fbdk","https://cp1.douguo.com/upload/note/f/8/a/320_f85fe97b4e6e9aa067163ac7c6b6284a.jpg","188","https://www.douguo.com/dish/29803277","香芹炒肉，山药烧猪肘骨"
"126","平平淡淡fbdk","https://cp1.douguo.com/upload/note/f/8/a/320_f85fe97b4e6e9aa067163ac7c6b6284a.jpg","162","https://www.douguo.com/dish/29803277","香芹炒肉，山药烧猪肘骨"
"127","墨水心7","https://cp1.douguo.com/upload/note/e/5/3/320_e5c4fd58ebd123004b95af52c584be63.jpeg","221","https://www.douguo.com/dish/29803209","一人食之胡吃八吃"
"128","人生如戏25861","https://cp1.douguo.com/upload/note/a/2/0/320_a2dd9017389eb27fb6918416b7adea90.jpeg","156","https://www.douguo.com/dish/29803273","红烧肉，怎样做，把四面煎成金黄色把油靠出来在红烧，香儿不腻！"
"129","流云~若雨tuhd","https://cp1.douguo.com/upload/note/4/e/1/320_4ead346c2f67b86eef7705b5ad161c51.jpeg","190","https://www.douguo.com/dish/29803232","白灼菜心"
"130","啊莲莲","https://cp1.douguo.com/upload/note/e/0/9/320_e0db6942d01a7b49c308b9133f33b5c9.jpeg","256","https://www.douguo.com/dish/29803231",
"131","策马苍穹","https://cp1.douguo.com/upload/note/a/c/6/320_ac8ec8973f21cee17ffc2d84bcafc926.jpg","163","https://www.douguo.com/dish/29803205","生活 就是昂首前瞻"
"132","藤西5290","https://cp1.douguo.com/upload/note/e/8/f/320_e8a51156440a8cef59ae10b52cd15ebf.jpeg","163","https://www.douguo.com/dish/29803203","生活 就是昂首前瞻"
"133","藤西5290","https://cp1.douguo.com/upload/note/e/8/f/320_e8a51156440a8cef59ae10b52cd15ebf.jpeg","244","https://www.douguo.com/dish/29803203","公司食堂的炸酱面"
"134","瑶来啊瑶去","https://cp1.douguo.com/upload/note/4/e/d/320_4ed26f33f3015e7f1a80e4980605a36d.jpeg","168","https://www.douguo.com/dish/29803201","蒸烤箱炖汤——萝卜小排汤"
"135","beijing宫品haishen","https://cp1.douguo.com/upload/note/9/5/c/320_958cc6ec64083d4a58851892e94ec8fc.jpg","171","https://www.douguo.com/dish/29803198","鸡爪煲"
"136","beijing宫品haishen","https://cp1.douguo.com/upload/note/8/7/9/320_87ae097502b39be065788c83bce4f8d9.jpg","154","https://www.douguo.com/dish/29803195","乾隆白菜"
"137","beijing宫品haishen","https://cp1.douguo.com/upload/note/3/c/f/320_3c9d09a5749b2d0d48824ec0f8857ecf.jpg","139","https://www.douguo.com/dish/29803193","番茄烩牛肉"
"138","非我不可","https://cp1.douguo.com/upload/note/4/f/b/320_4fd87b43fde3743ccccedcac945503bb.jpeg","28","https://www.douguo.com/dish/29803549","无骨猪手"
"139","终点nzfj","https://cp1.douguo.com/upload/note/7/f/2/320_7f370111ec0e239c7f426163dda46b72.jpg","58","https://www.douguo.com/dish/29803526",
"140","桥边姑娘爱做美食","https://cp1.douguo.com/upload/note/f/6/7/320_f6790d772d758e55de2210aef173dca7.jpeg","53","https://www.douguo.com/dish/29803518","橘子"
"141","桥边姑娘爱做美食","https://cp1.douguo.com/upload/note/a/5/3/320_a5cdb5f3423845959f6e870ed2e10073.jpeg","49","https://www.douguo.com/dish/29803516","小时候的味道"
"142","橙火火","https://cp1.douguo.com/upload/note/c/c/a/320_cc83175532348e2293add309aa85af8a.jpg","50","https://www.douguo.com/dish/29803513","网红煎蛋萝卜汤"
"143","爱上未来/hx","https://cp1.douguo.com/upload/note/5/c/b/320_5c64680f8e449389c343eeaa9518227b.jpg","135","https://www.douguo.com/dish/29803458","红烧猪蹄"
"144","敖麓谷雅","https://cp1.douguo.com/upload/note/9/4/d/320_94226ad284a9586797d56be01b0dba6d.jpeg","112","https://www.douguo.com/dish/29803477","补一个昨天的"
"145","捷宝妈妈","https://cp1.douguo.com/upload/note/f/d/0/320_fd3a03b30de5badd7ff4a263288ebd40.jpg","148","https://www.douguo.com/dish/29803444","米饭，黑熊农场新米做成的米饭软糯香甜"
"146","解馋的美食家","https://cp1.douguo.com/upload/note/a/2/8/320_a224d364dca014d69accb858769510f8.jpeg","105","https://www.douguo.com/dish/29803475","圣诞季饮品"
"147","精致的凤尾鱼","https://cp1.douguo.com/upload/note/0/f/d/320_0fe06a228c3b712da3dd9d14314c4ffd.jpeg","105","https://www.douguo.com/dish/29803474","圣诞季饮品"
"148","精致的凤尾鱼","https://cp1.douguo.com/upload/note/0/f/d/320_0fe06a228c3b712da3dd9d14314c4ffd.jpeg","105","https://www.douguo.com/dish/29803474","用黄油做的"
"149","豆粉2035827825","https://cp1.douguo.com/upload/note/1/1/9/320_112d0c2e47b02641c8d0764d2b239399.jpg","155","https://www.douguo.com/dish/29803435","真的很简单，一次成功。"
"150","愿你多吃不胖","https://cp1.douguo.com/upload/note/0/f/5/320_0feae6ad9b4a816a33663fe866049fc5.jpeg","73","https://www.douguo.com/dish/29803459","冰糖金桔饮"
"151","愿你多吃不胖","https://cp1.douguo.com/upload/note/0/7/9/320_0748c63e13483c3827a669e30efafa79.jpeg","78","https://www.douguo.com/dish/29803464","冬日里的饭菜"
"152","愿你多吃不胖","https://cp1.douguo.com/upload/note/0/7/9/320_0748c63e13483c3827a669e30efafa79.jpeg","73","https://www.douguo.com/dish/29803464","冬日里的饭菜"
"153","爱睡觉的猫丫头","https://cp1.douguo.com/upload/note/b/8/f/320_b857fa1089ffae01f03766359aab9cdf.jpg","161","https://www.douguo.com/dish/29803436","红烧肉"
"154","刘老爹uqgl","https://cp1.douguo.com/upload/note/b/8/f/320_b857fa1089ffae01f03766359aab9cdf.jpg","78","https://www.douguo.com/dish/29803436","红烧肉"
"155","刘老爹uqgl","https://cp1.douguo.com/upload/note/4/f/4/320_4f9945067e743633a5a5a780003f87a4.jpeg","165","https://www.douguo.com/dish/29803433","太香了这饭"
"156","刘老爹uqgl","https://cp1.douguo.com/upload/note/4/f/4/320_4f9945067e743633a5a5a780003f87a4.jpeg","161","https://www.douguo.com/dish/29803433","红烧肉"
"157","刘老爹uqgl","https://cp1.douguo.com/upload/note/b/8/f/320_b857fa1089ffae01f03766359aab9cdf.jpg","161","https://www.douguo.com/dish/29803436","红烧肉"
"158","爱睡觉的猫丫头","https://cp1.douguo.com/upload/note/b/8/f/320_b857fa1089ffae01f03766359aab9cdf.jpg","78","https://www.douguo.com/dish/29803436","红烧肉"
"159","爱睡觉的猫丫头","https://cp1.douguo.com/upload/note/0/7/9/320_0748c63e13483c3827a669e30efafa79.jpeg","78","https://www.douguo.com/dish/29803464","冬日里的饭菜"
"160","爱睡觉的猫丫头","https://cp1.douguo.com/upload/note/b/8/f/320_b857fa1089ffae01f03766359aab9cdf.jpg","78","https://www.douguo.com/dish/29803436","冬日里的饭菜"
"161","爱睡觉的猫丫头","https://cp1.douguo.com/upload/note/b/8/f/320_b857fa1089ffae01f03766359aab9cdf.jpg","78","https://www.douguo.com/dish/29803436","红烧肉"
"162","爱睡觉的猫丫头","https://cp1.douguo.com/upload/note/0/7/9/320_0748c63e13483c3827a669e30efafa79.jpeg","78","https://www.douguo.com/dish/29803436","冬日里的饭菜"
"163","桔子柠檬水","https://cp1.douguo.com/upload/note/2/0/c/320_20ac3bd4c4b1957f0671c65088116f0c.jpg","165","https://www.douguo.com/dish/29803430","新鲜出炉的麻薯哈，看起来不错，不知道口感如何"
"164","桔子柠檬水","https://cp1.douguo.com/upload/note/2/0/c/320_20ac3bd4c4b1957f0671c65088116f0c.jpg","166","https://www.douguo.com/dish/29803430","新鲜出炉的麻薯哈，看起来不错，不知道口感如何"
"165","小单单(❁´◡`❁)*✲ﾟ*","https://cp1.douguo.com/upload/note/7/6/f/320_76ebbb472108ee25f0f5a932a2aa1f6f.jpeg","165","https://www.douguo.com/dish/29803429","12"
"166","小单单(❁´◡`❁)*✲ﾟ*","https://cp1.douguo.com/upload/note/7/6/f/320_76ebbb472108ee25f0f5a932a2aa1f6f.jpeg","166","https://www.douguo.com/dish/29803429","新鲜出炉的麻薯哈，看起来不错，不知道口感如何"
"167","桔子柠檬水","https://cp1.douguo.com/upload/note/4/f/4/320_4f9945067e743633a5a5a780003f87a4.jpeg","165","https://www.douguo.com/dish/29803433","太香了这饭"
"168","小单单(❁´◡`❁)*✲ﾟ*","https://cp1.douguo.com/upload/note/2/0/c/320_20ac3bd4c4b1957f0671c65088116f0c.jpg","165","https://www.douguo.com/dish/29803430","太香了这饭"
"169","桔子柠檬水","https://cp1.douguo.com/upload/note/4/f/4/320_4f9945067e743633a5a5a780003f87a4.jpeg","165","https://www.douguo.com/dish/29803430","太香了这饭"
"170","小单单(❁´◡`❁)*✲ﾟ*","https://cp1.douguo.com/upload/note/7/6/f/320_76ebbb472108ee25f0f5a932a2aa1f6f.jpeg","166","https://www.douguo.com/dish/29803429","12"
"171","小单单(❁´◡`❁)*✲ﾟ*","https://cp1.douguo.com/upload/note/2/0/c/320_20ac3bd4c4b1957f0671c65088116f0c.jpg","166","https://www.douguo.com/dish/29803430","新鲜出炉的麻薯哈，看起来不错，不知道口感如何"
"172","小单单(❁´◡`❁)*✲ﾟ*","https://cp1.douguo.com/upload/note/2/0/c/320_20ac3bd4c4b1957f0671c65088116f0c.jpg","166","https://www.douguo.com/dish/29803429","新鲜出炉的麻薯哈，看起来不错，不知道口感如何"
"173","babyshun2016","https://cp1.douguo.com/upload/note/3/f/6/320_3f610d5aa6da85d46bc98730a0b13036.jpg","166","https://www.douguo.com/dish/29803412","啾咪，你们可爱又迷人的小顺儿上线啦！今天用德清源鸡蛋做了番茄蛋面疙瘩。真的是特别好吃呢。德清源的鸡蛋鸡蛋香气浓郁，没有蛋腥味。蛋黄颜色非常漂亮喵！"
"174","babyshun2016","https://cp1.douguo.com/upload/note/7/6/f/320_76ebbb472108ee25f0f5a932a2aa1f6f.jpeg","165","https://www.douguo.com/dish/29803412","12"
"175","苏菲_玄","https://cp1.douguo.com/upload/note/a/4/6/320_a47d7726d3fb3976811ab2c8dd5c8646.jpg","159","https://www.douguo.com/dish/29801104","玉米饼"
"176","ai心随我动","https://cp1.douguo.com/upload/note/f/f/2/320_ff2c8e873f94999c46f9f9f63fefafa2.jpeg","157","https://www.douguo.com/dish/29803425","2020.12.15中午"
"177","冷月厨房","https://cp1.douguo.com/upload/note/3/1/9/320_31c3abd75c7581d301ce726b30057f89.jpg","162","https://www.douguo.com/dish/29803400","今日手工作品"
"178","变态的富强粉在冰箱里","https://cp1.douguo.com/upload/note/2/4/c/320_24b08b335e7420928f881af08ae61a9c.jpg","157","https://www.douguo.com/dish/29799655","吃螃蟹"
"179","老梁1","https://cp1.douguo.com/upload/note/9/9/3/320_9989a3f97d095c19798e1e66ff002f13.jpg","312","https://www.douguo.com/dish/29801883","今天早餐"
"180","李玉芬","https://cp1.douguo.com/upload/note/2/8/0/320_2853a3c74bc1758dd361896183ee56e0.jpg","155","https://www.douguo.com/dish/29797912","第一次做心形，小激动忘记分离黄油先就揉面了。虽然外形翻车了，但是形状还是很惊喜，期待出品。半夜拍照，做得相当满意，松软度很好，味道很棒，可以继续做。"
"181","二人厨","https://cp1.douguo.com/upload/note/0/9/a/320_098ab1207eb174975da7fd35d87d1aea.jpeg","154","https://www.douguo.com/dish/29797961","薄皮大馅火腿肠饺子，薄到透明哦"
"182","橙子1003","https://cp1.douguo.com/upload/note/1/2/5/320_12ff445459a74324edc9880b7a21c615.jpeg","159","https://www.douguo.com/dish/29797921","烤箱"
"183","小农人小痴","https://cp1.douguo.com/upload/note/9/e/0/320_9e5cb497bf4dd8805ed0ff73c7e57a60.jpeg","795","https://www.douguo.com/dish/29790010","白米饭+双椒炒鸡胗=完美搭档"
"184","Marsally390","https://cp1.douguo.com/upload/note/b/4/8/320_b47a009b6406ff7426f83788c19fecb8.jpeg","158","https://www.douguo.com/dish/29803392","番薯是我永远吃不厌的东西，番薯干也是，特别这种粗粗滴有嚼劲的！"
"185","_YYR_","https://cp1.douguo.com/upload/note/a/a/6/320_aa9c3e0ea737780b3c2db65c335bf216.jpeg","189","https://www.douguo.com/dish/25740880","芒果芝士蛋糕"
"186","Q弹的千层糕","https://cp1.douguo.com/upload/note/9/f/8/320_9fe1b8549c8247a24164dafef2fc3ad8.jpeg","204","https://www.douguo.com/dish/29796447","猪肉炒手撕包生菜"
"187","妙江南","https://cp1.douguo.com/upload/note/e/b/3/320_ebc63b45e6e1dc1217682b421a1343a3.jpeg","152","https://www.douguo.com/dish/29803387","早餐"
"188","小松鼠YY","https://cp1.douguo.com/upload/note/3/b/7/320_1608019042481.jpg","199","https://www.douguo.com/dish/29803385","记录"
"189","老邢成功减肥60斤","https://cp1.douguo.com/upload/note/e/8/9/320_e86b431ad673410c02fb837627e32cd9.jpg","155","https://www.douguo.com/dish/29803386","兰州拉面"
"190","蝶舞九天","https://cp1.douguo.com/upload/note/c/d/4/320_cda3df8984c1cf528940b52115544f24.jpeg","249","https://www.douguo.com/dish/29791020","周末早餐分享"
"191","浅夏°淡雅","https://cp1.douguo.com/upload/note/5/f/c/320_5ff7e64c3123970c553ba4f4ba6579cc.jpeg","329","https://www.douguo.com/dish/29790691","我们怎样对待生活，生活就怎样对待我们"
"192","乖丫头luck","https://cp1.douguo.com/upload/note/4/9/b/320_499f4dcf8bb58922873d96c51c18d8db.jpeg","159","https://www.douguo.com/dish/29792356","超柔软生吐司"
"193","kimchi就是泡菜","https://cp1.douguo.com/upload/note/1/2/6/320_12630a795b37106a9b7654c94e04aea6.jpg","341","https://www.douguo.com/dish/29791483","收到黑熊大米了"
"194","霸王龙麻麻","https://cp1.douguo.com/upload/note/9/d/7/320_9d8c5e2a5c7e0bd406686fcccc692517.jpg","183","https://www.douguo.com/dish/29788882","排骨汤面疙瘩"
"195","里里橙","https://cp1.douguo.com/upload/note/5/6/1/320_56cb3045dc1e31c1df4c9f08009eef81.jpg","972","https://www.douguo.com/dish/29777975","曲奇"
"196","流浪沙漠","https://cp1.douguo.com/upload/note/e/7/f/320_e751b53da5156bf6965ce5f6c472a67f.jpeg","189","https://www.douguo.com/dish/29803368","南瓜紫薯格子发糕～"
"197","颜控布拉布拉","https://cp1.douguo.com/upload/note/1/e/e/320_1e84b51606d29adfcc9a2ed58918dcce.jpeg","172","https://www.douguo.com/dish/29803367","蓝莓山药"
"198","老梁1","https://cp1.douguo.com/upload/note/6/3/e/320_63637bf59c5a7fcc0e717d10dc59a47e.jpg","456","https://www.douguo.com/dish/29787567","今天早餐"
"199","优雅的厨娘","https://cp1.douguo.com/upload/note/7/6/b/320_760e98ca2967875cdcd8d498c5708dcb.jpeg","166","https://www.douguo.com/dish/29787534","天天早餐"
"200","胖皮蛋","https://cp1.douguo.com/upload/note/4/a/0/320_4a20d35baba2c3e638cc70fbd24c00b0.jpg","168","https://www.douguo.com/dish/29803328","荷叶鸡"
"201","Meet_wish","https://cp1.douguo.com/upload/note/a/c/4/320_acd4105dca6264132d1d805cc452bfe4.jpg","168","https://www.douguo.com/dish/29803327","超好吃的追剧小零食—三只松鼠"
"202","果宝啾啾","https://cp1.douguo.com/upload/note/3/c/f/320_3c4c4f99fb382117d92a76ecd3cf9e9f.jpeg","142","https://www.douguo.com/dish/29786603","小米软饼"
"203","小松鼠YY","https://cp1.douguo.com/upload/note/3/b/7/320_1608017271701.jpg","193","https://www.douguo.com/dish/29803322","记录"
"204","原生态烘焙圈","https://cp1.douguo.com/upload/note/3/e/4/320_1608017244081.jpg","196","https://www.douguo.com/dish/29803321","日售2w多的私藏古早蛋糕秘方"
"205","美食多费心25","https://cp1.douguo.com/upload/note/9/9/8/320_99183e7a515ea6ca89d89233ac30a518.jpeg","160","https://www.douguo.com/dish/29803375",
"206","开心qbrt","https://cp1.douguo.com/upload/note/8/2/6/320_824b345d6514dd89f7e31d0c8c018ea6.jpg","186","https://www.douguo.com/dish/29803301",
"207","开心qbrt","https://cp1.douguo.com/upload/note/c/7/2/320_c75507416873568114c579a633280372.jpg","239","https://www.douguo.com/dish/29803300",
"208","哈密瓜的春天","https://cp1.douguo.com/upload/note/7/b/c/320_7bf9d26e5e6b9dd26334215636f1b3ec.jpeg","188","https://www.douguo.com/dish/29803316","辣椒炒肉"
"209","欢小欢a肉肉","https://cp1.douguo.com/upload/note/f/c/7/320_fc2273cd207bcfad2c0a76131e15f437.jpg","180","https://www.douguo.com/dish/29803341","番茄牛肉米粉啊 嗦粉的快乐"
"210","如果_有如果38","https://cp1.douguo.com/upload/note/8/f/e/320_8fec8f6b4b66bb8e0d16466d4c6fd2ce.jpg","190","https://www.douguo.com/dish/29803314","撸吐司吃吐司"
"211","Shelly季","https://cp1.douguo.com/upload/note/2/2/c/320_22872cea72c520b52c42ef350c6534ac.jpeg","205","https://www.douguo.com/dish/29803274","假使第二波疫情来袭，宅家我也饿不死？"
"212","古色古香坊","https://cp1.douguo.com/upload/note/9/1/b/320_91b4d20a1f0608e87f9ab62cd232b65b.jpg","154","https://www.douguo.com/dish/29803332","红焖羊肉"
"213","如果_有如果38","https://cp1.douguo.com/upload/note/b/c/d/320_bc1ca3e43894fc10291322edf77d780d.jpg","223","https://www.douguo.com/dish/29803287","奥利奥奶酪包"
"214","哈尼姑娘呀","https://cp1.douguo.com/upload/note/a/1/8/320_a1c89eabfc59b7d0fde5cbefa01faa48.jpg","188","https://www.douguo.com/dish/29803243","一起经历过去愉快的每一天"
"215","邓小秀Linda","https://cp1.douguo.com/upload/note/a/b/3/320_abdd730963a43ab5590bc6b8384fdac3.jpg","166","https://www.douguo.com/dish/29803242","精彩继续"
"216","研秀爱美食","https://cp1.douguo.com/upload/note/b/d/2/320_bdd7ecf03e64a076480d39dd7127fab2.jpeg","210","https://www.douguo.com/dish/29803306","喜欢高颜值的小家电"
"217","霖的吃货铺","https://cp1.douguo.com/upload/note/1/7/c/320_17442e607fb517ed524aefa6c472651c.jpeg","189","https://www.douguo.com/dish/29803261","葱烤大排"
"218","风雨冰点","https://cp1.douguo.com/upload/note/7/9/a/320_1608015202505.jpg","179","https://www.douguo.com/dish/29803236","什锦砂锅"
"219","小暖男妈妈","https://cp1.douguo.com/upload/note/b/f/7/320_bf4c82034d178a5c6d299a2902b4b3e7.jpeg","148","https://www.douguo.com/dish/29803168","真是苏的掉渣 不是很甜 口感很好"
"220","微妙原子","https://cp1.douguo.com/upload/note/3/8/0/320_38fffb28654db6481d040c6850bb6b40.jpeg","157","https://www.douguo.com/dish/29803211","海盐焦糖司康"
"221","徐健_Jessie_Xu","https://cp1.douguo.com/upload/note/e/7/0/320_e7de30beb971a8c63f770493a60097b0.jpeg","176","https://www.douguo.com/dish/29803252","奶油小酥饼-公主系列"
"222","吃喝玩乐dg","https://cp1.douguo.com/upload/note/b/5/7/320_b5b56978d1065ef53b09aaa19bcb1717.jpg","176","https://www.douguo.com/dish/29803249","奶油小酥饼-公主系列"
"223","吃喝玩乐dg","https://cp1.douguo.com/upload/note/b/5/7/320_b5b56978d1065ef53b09aaa19bcb1717.jpg","152","https://www.douguo.com/dish/29803249","辰辰早餐"
"224","帅团小妖","https://cp1.douguo.com/upload/note/d/3/c/320_d3a59e5af3195c24c71fd2e0d1c325bc.jpg","153","https://www.douguo.com/dish/29803206","海苔肉松卷"
"225","做个吃不胖的厨娘","https://cp1.douguo.com/upload/note/9/7/b/320_97a60ae8050e859e65fa5b8542e5e8ab.jpeg","201","https://www.douguo.com/dish/29803226","继续大雪，吃饱点儿好出去玩"
"226","希奇妈","https://cp1.douguo.com/upload/note/0/c/c/320_0cc47baeafd038c64b6044c2777d571c.jpeg","159","https://www.douguo.com/dish/29803225","彩色糯米八宝饭 猪油香 豆沙绵 打包"
"227","小六MaMi","https://cp1.douguo.com/upload/note/f/f/4/320_ff006263d0565252f36899303ab8cb44.jpg","138","https://www.douguo.com/dish/29803197","宝宝辅食"
"228","小小庆回国","https://cp1.douguo.com/upload/note/f/f/4/320_ff006263d0565252f36899303ab8cb44.jpg","138","https://www.douguo.com/dish/29803197","宝宝辅食"
"229","小小庆回国","https://cp1.douguo.com/upload/note/0/1/0/320_01e590a54735806dd9215101565400e0.jpg","238","https://www.douguo.com/dish/29803214","Q弹顺滑的大米发糕"
"230","小胖子敏敏","https://cp1.douguo.com/upload/note/7/1/e/320_71aba50d74a8b0683cf90dbac2d49d2e.jpeg","167","https://www.douguo.com/dish/29803152","鸡汤+大肠炒酸菜了+炒油菜"
"231","落荒而逃的猪棒骨","https://cp1.douguo.com/upload/note/f/c/3/320_fc8605b8e41e1049f4d19feaa4e99263.jpeg","167","https://www.douguo.com/dish/29803191","成功   就是包馅不会   包的跟包子一样还包不起来 "
"232","落荒而逃的猪棒骨","https://cp1.douguo.com/upload/note/7/1/e/320_71aba50d74a8b0683cf90dbac2d49d2e.jpeg","167","https://www.douguo.com/dish/29803191","鸡汤+大肠炒酸菜了+炒油菜"
"233","落荒而逃的猪棒骨","https://cp1.douguo.com/upload/note/f/c/3/320_fc8605b8e41e1049f4d19feaa4e99263.jpeg","167","https://www.douguo.com/dish/29803191","鸡汤+大肠炒酸菜了+炒油菜"
"234","常相伴2020","https://cp1.douguo.com/upload/note/f/c/3/320_fc8605b8e41e1049f4d19feaa4e99263.jpeg","167","https://www.douguo.com/dish/29803181","成功   就是包馅不会   包的跟包子一样还包不起来 "
"235","常相伴2020","https://cp1.douguo.com/upload/note/f/c/3/320_fc8605b8e41e1049f4d19feaa4e99263.jpeg","167","https://www.douguo.com/dish/29803191","成功   就是包馅不会   包的跟包子一样还包不起来 "
"236","常相伴2020","https://cp1.douguo.com/upload/note/b/a/9/320_ba7111ad9f8d9321f2987ab9efc18a49.jpeg","167","https://www.douguo.com/dish/29803181","成功   就是包馅不会   包的跟包子一样还包不起来 "
"237","落荒而逃的猪棒骨","https://cp1.douguo.com/upload/note/7/1/e/320_71aba50d74a8b0683cf90dbac2d49d2e.jpeg","167","https://www.douguo.com/dish/29803152","鸡汤+大肠炒酸菜了+炒油菜"
"238","小胖子敏敏","https://cp1.douguo.com/upload/note/0/1/0/320_01e590a54735806dd9215101565400e0.jpg","238","https://www.douguo.com/dish/29803152","Q弹顺滑的大米发糕"
"239","小六MaMi","https://cp1.douguo.com/upload/note/f/f/4/320_ff006263d0565252f36899303ab8cb44.jpg","159","https://www.douguo.com/dish/29803197","宝宝辅食"
"240","希奇妈","https://cp1.douguo.com/upload/note/0/c/c/320_0cc47baeafd038c64b6044c2777d571c.jpeg","201","https://www.douguo.com/dish/29803225","彩色糯米八宝饭 猪油香 豆沙绵 打包"
"241","做个吃不胖的厨娘","https://cp1.douguo.com/upload/note/d/3/c/320_d3a59e5af3195c24c71fd2e0d1c325bc.jpg","152","https://www.douguo.com/dish/29803206","辰辰早餐"
"242","帅团小妖","https://cp1.douguo.com/upload/note/b/5/7/320_b5b56978d1065ef53b09aaa19bcb1717.jpg","157","https://www.douguo.com/dish/29803249","奶油小酥饼-公主系列"
"243","小暖男妈妈","https://cp1.douguo.com/upload/note/7/9/a/320_1608015202505.jpg","189","https://www.douguo.com/dish/29803236","什锦砂锅"
"244","霖的吃货铺","https://cp1.douguo.com/upload/note/a/b/3/320_abdd730963a43ab5590bc6b8384fdac3.jpg","166","https://www.douguo.com/dish/29803306","精彩继续"
"245","哈尼姑娘呀","https://cp1.douguo.com/upload/note/a/1/8/320_a1c89eabfc59b7d0fde5cbefa01faa48.jpg","154","https://www.douguo.com/dish/29803243","一起经历过去愉快的每一天"
"246","古色古香坊","https://cp1.douguo.com/upload/note/2/2/c/320_22872cea72c520b52c42ef350c6534ac.jpeg","205","https://www.douguo.com/dish/29803274","假使第二波疫情来袭，宅家我也饿不死？"
"247","如果_有如果38","https://cp1.douguo.com/upload/note/f/c/7/320_fc2273cd207bcfad2c0a76131e15f437.jpg","180","https://www.douguo.com/dish/29803341","番茄牛肉米粉啊 嗦粉的快乐"
"248","欢小欢a肉肉","https://cp1.douguo.com/upload/note/7/b/c/320_7bf9d26e5e6b9dd26334215636f1b3ec.jpeg","188","https://www.douguo.com/dish/29803316","辣椒炒肉"
"249","欢小欢a肉肉","https://cp1.douguo.com/upload/note/7/b/c/320_7bf9d26e5e6b9dd26334215636f1b3ec.jpeg","188","https://www.douguo.com/dish/29803316","辣椒炒肉"
"250","哈密瓜的春天","https://cp1.douguo.com/upload/note/c/7/2/320_c75507416873568114c579a633280372.jpg","239","https://www.douguo.com/dish/29803300",
"251","开心qbrt","https://cp1.douguo.com/upload/note/c/7/2/320_c75507416873568114c579a633280372.jpg","186","https://www.douguo.com/dish/29803300",
"252","开心qbrt","https://cp1.douguo.com/upload/note/9/9/8/320_99183e7a515ea6ca89d89233ac30a518.jpeg","160","https://www.douguo.com/dish/29803375",
"253","开心qbrt","https://cp1.douguo.com/upload/note/9/9/8/320_99183e7a515ea6ca89d89233ac30a518.jpeg","196","https://www.douguo.com/dish/29803375",
"254","美食多费心25","https://cp1.douguo.com/upload/note/9/9/8/320_99183e7a515ea6ca89d89233ac30a518.jpeg","193","https://www.douguo.com/dish/29803375",
"255","美食多费心25","https://cp1.douguo.com/upload/note/3/e/4/320_1608017244081.jpg","196","https://www.douguo.com/dish/29803321","日售2w多的私藏古早蛋糕秘方"
"256","美食多费心25","https://cp1.douguo.com/upload/note/9/9/8/320_99183e7a515ea6ca89d89233ac30a518.jpeg","196","https://www.douguo.com/dish/29803375","日售2w多的私藏古早蛋糕秘方"
"257","美食多费心25","https://cp1.douguo.com/upload/note/9/9/8/320_99183e7a515ea6ca89d89233ac30a518.jpeg","196","https://www.douguo.com/dish/29803375",
"258","开心qbrt","https://cp1.douguo.com/upload/note/8/2/6/320_824b345d6514dd89f7e31d0c8c018ea6.jpg","160","https://www.douguo.com/dish/29803301",
"259","开心qbrt","https://cp1.douguo.com/upload/note/9/9/8/320_99183e7a515ea6ca89d89233ac30a518.jpeg","160","https://www.douguo.com/dish/29803375",
"260","研秀爱美食","https://cp1.douguo.com/upload/note/b/d/2/320_bdd7ecf03e64a076480d39dd7127fab2.jpeg","166","https://www.douguo.com/dish/29803306","喜欢高颜值的小家电"
"261","霖的吃货铺","https://cp1.douguo.com/upload/note/b/d/2/320_bdd7ecf03e64a076480d39dd7127fab2.jpeg","210","https://www.douguo.com/dish/29803306","喜欢高颜值的小家电"
"262","徐健_Jessie_Xu","https://cp1.douguo.com/upload/note/3/8/0/320_38fffb28654db6481d040c6850bb6b40.jpeg","157","https://www.douguo.com/dish/29803211","海盐焦糖司康"
"263","徐健_Jessie_Xu","https://cp1.douguo.com/upload/note/e/7/0/320_e7de30beb971a8c63f770493a60097b0.jpeg","157","https://www.douguo.com/dish/29803252","海盐焦糖司康"
"264","微妙原子","https://cp1.douguo.com/upload/note/3/8/0/320_38fffb28654db6481d040c6850bb6b40.jpeg","148","https://www.douguo.com/dish/29803211","海盐焦糖司康"
"265","徐健_Jessie_Xu","https://cp1.douguo.com/upload/note/3/8/0/320_38fffb28654db6481d040c6850bb6b40.jpeg","157","https://www.douguo.com/dish/29803211","海盐焦糖司康"
"266","微妙原子","https://cp1.douguo.com/upload/note/b/f/7/320_bf4c82034d178a5c6d299a2902b4b3e7.jpeg","179","https://www.douguo.com/dish/29803168","真是苏的掉渣 不是很甜 口感很好"
"267","小暖男妈妈","https://cp1.douguo.com/upload/note/7/9/a/320_1608015202505.jpg","189","https://www.douguo.com/dish/29803236","什锦砂锅"
"268","研秀爱美食","https://cp1.douguo.com/upload/note/b/d/2/320_bdd7ecf03e64a076480d39dd7127fab2.jpeg","166","https://www.douguo.com/dish/29803306","精彩继续"
"269","研秀爱美食","https://cp1.douguo.com/upload/note/a/b/3/320_abdd730963a43ab5590bc6b8384fdac3.jpg","166","https://www.douguo.com/dish/29803242","精彩继续"
"270","研秀爱美食","https://cp1.douguo.com/upload/note/a/b/3/320_abdd730963a43ab5590bc6b8384fdac3.jpg","166","https://www.douguo.com/dish/29803242","精彩继续"
"271","邓小秀Linda","https://cp1.douguo.com/upload/note/a/b/3/320_abdd730963a43ab5590bc6b8384fdac3.jpg","188","https://www.douguo.com/dish/29803242","一起经历过去愉快的每一天"
"272","哈尼姑娘呀","https://cp1.douguo.com/upload/note/a/1/8/320_a1c89eabfc59b7d0fde5cbefa01faa48.jpg","223","https://www.douguo.com/dish/29803243","一起经历过去愉快的每一天"
"273","邓小秀Linda","https://cp1.douguo.com/upload/note/a/1/8/320_a1c89eabfc59b7d0fde5cbefa01faa48.jpg","188","https://www.douguo.com/dish/29803243","一起经历过去愉快的每一天"
"274","哈尼姑娘呀","https://cp1.douguo.com/upload/note/a/1/8/320_a1c89eabfc59b7d0fde5cbefa01faa48.jpg","223","https://www.douguo.com/dish/29803243","一起经历过去愉快的每一天"
"275","哈尼姑娘呀","https://cp1.douguo.com/upload/note/b/c/d/320_bc1ca3e43894fc10291322edf77d780d.jpg","205","https://www.douguo.com/dish/29803287","红焖羊肉"
"276","古色古香坊","https://cp1.douguo.com/upload/note/2/2/c/320_22872cea72c520b52c42ef350c6534ac.jpeg","205","https://www.douguo.com/dish/29803274","假使第二波疫情来袭，宅家我也饿不死？"
"277","古色古香坊","https://cp1.douguo.com/upload/note/8/f/e/320_8fec8f6b4b66bb8e0d16466d4c6fd2ce.jpg","190","https://www.douguo.com/dish/29803314","撸吐司吃吐司"
"278","如果_有如果38","https://cp1.douguo.com/upload/note/8/f/e/320_8fec8f6b4b66bb8e0d16466d4c6fd2ce.jpg","188","https://www.douguo.com/dish/29803314","辣椒炒肉"
"279","欢小欢a肉肉","https://cp1.douguo.com/upload/note/7/b/c/320_7bf9d26e5e6b9dd26334215636f1b3ec.jpeg","239","https://www.douguo.com/dish/29803316","辣椒炒肉"
"280","哈密瓜的春天","https://cp1.douguo.com/upload/note/c/7/2/320_c75507416873568114c579a633280372.jpg","239","https://www.douguo.com/dish/29803300",
"281","原生态烘焙圈","https://cp1.douguo.com/upload/note/3/e/4/320_1608017244081.jpg","193","https://www.douguo.com/dish/29803321","日售2w多的私藏古早蛋糕秘方"
"282","原生态烘焙圈","https://cp1.douguo.com/upload/note/3/e/4/320_1608017244081.jpg","142","https://www.douguo.com/dish/29803321","日售2w多的私藏古早蛋糕秘方"
"283","小松鼠YY","https://cp1.douguo.com/upload/note/3/b/7/320_1608017271701.jpg","142","https://www.douguo.com/dish/29803322","记录"
"284","小松鼠YY","https://cp1.douguo.com/upload/note/a/c/4/320_acd4105dca6264132d1d805cc452bfe4.jpg","168","https://www.douguo.com/dish/29803327","超好吃的追剧小零食—三只松鼠"
"285","果宝啾啾","https://cp1.douguo.com/upload/note/a/c/4/320_acd4105dca6264132d1d805cc452bfe4.jpg","168","https://www.douguo.com/dish/29803327","超好吃的追剧小零食—三只松鼠"
"286","小松鼠YY","https://cp1.douguo.com/upload/note/a/c/4/320_acd4105dca6264132d1d805cc452bfe4.jpg","168","https://www.douguo.com/dish/29803327","超好吃的追剧小零食—三只松鼠"
"287","果宝啾啾","https://cp1.douguo.com/upload/note/a/c/4/320_acd4105dca6264132d1d805cc452bfe4.jpg","168","https://www.douguo.com/dish/29803327","超好吃的追剧小零食—三只松鼠"
"288","果宝啾啾","https://cp1.douguo.com/upload/note/a/c/4/320_acd4105dca6264132d1d805cc452bfe4.jpg","168","https://www.douguo.com/dish/29786603","超好吃的追剧小零食—三只松鼠"
"289","如果_有如果38","https://cp1.douguo.com/upload/note/8/f/e/320_8fec8f6b4b66bb8e0d16466d4c6fd2ce.jpg","180","https://www.douguo.com/dish/29803314","番茄牛肉米粉啊 嗦粉的快乐"
"290","古色古香坊","https://cp1.douguo.com/upload/note/9/1/b/320_91b4d20a1f0608e87f9ab62cd232b65b.jpg","205","https://www.douguo.com/dish/29803332","假使第二波疫情来袭，宅家我也饿不死？"
"291","哈尼姑娘呀","https://cp1.douguo.com/upload/note/b/c/d/320_bc1ca3e43894fc10291322edf77d780d.jpg","223","https://www.douguo.com/dish/29803243","奥利奥奶酪包"
"292","如果_有如果38","https://cp1.douguo.com/upload/note/9/1/b/320_91b4d20a1f0608e87f9ab62cd232b65b.jpg","154","https://www.douguo.com/dish/29803332","红焖羊肉"
"293","如果_有如果38","https://cp1.douguo.com/upload/note/b/c/d/320_bc1ca3e43894fc10291322edf77d780d.jpg","154","https://www.douguo.com/dish/29803287","红焖羊肉"
"294","Shelly季","https://cp1.douguo.com/upload/note/8/f/e/320_8fec8f6b4b66bb8e0d16466d4c6fd2ce.jpg","190","https://www.douguo.com/dish/29803314","撸吐司吃吐司"
"295","如果_有如果38","https://cp1.douguo.com/upload/note/9/1/b/320_91b4d20a1f0608e87f9ab62cd232b65b.jpg","154","https://www.douguo.com/dish/29803332","红焖羊肉"
"296","如果_有如果38","https://cp1.douguo.com/upload/note/b/c/d/320_bc1ca3e43894fc10291322edf77d780d.jpg","154","https://www.douguo.com/dish/29803287","奥利奥奶酪包"
"297","哈尼姑娘呀","https://cp1.douguo.com/upload/note/b/c/d/320_bc1ca3e43894fc10291322edf77d780d.jpg","223","https://www.douguo.com/dish/29803287","奥利奥奶酪包"
"298","常相伴2020","https://cp1.douguo.com/upload/note/b/a/9/320_ba7111ad9f8d9321f2987ab9efc18a49.jpeg","230","https://www.douguo.com/dish/29803181","章鱼面包"
"299","丁香百合","https://cp1.douguo.com/upload/note/a/f/7/320_aff8767c27dfc01d2bf6b76cfef28587.jpeg","226","https://www.douguo.com/dish/29803172","午餐打卡"
"300","柳絮00000002","https://cp1.douguo.com/upload/note/d/a/2/320_dacc8a8995b875a710a78329c4182292.jpg","149","https://www.douguo.com/dish/29803153","有进步了"
"301",,"https://cp1.douguo.com/upload/note/b/4/0/320_b4a3e88e75112adeba8404f9fac396c0.jpg","173","https://www.douguo.com/dish/29803148","龙凤呈祥蔬果汇主料：火龙果适量、芒果适量、秋葵适量、彩椒适量辅料：淀粉适量、食盐适量、黑胡椒适量 做法：1、将火龙果、芒果切块，小碗中倒入淀粉、盐搅拌均匀。2、秋葵焯水后切碎、彩椒切碎。3、倒油开火，放入果蔬、黑胡椒，翻炒均匀后加淀粉液，继续翻炒。4、倒入火龙果壳，即可享用~"
"302","吃到工伤的厨师","https://cp1.douguo.com/upload/note/8/3/e/320_1608012534747.jpg","168","https://www.douguo.com/dish/29803144","小猪佩奇"
"303","爱美食的AN","https://cp1.douguo.com/upload/note/8/3/b/320_1608012915909.jpg","188","https://www.douguo.com/dish/29803161","水光肌馒头"
"304","YY和YY宝贝","https://cp1.douguo.com/upload/note/d/b/b/320_dbd168fe57b963ecd04c9f759ee9191b.jpeg","297","https://www.douguo.com/dish/29803163","萝卜丝饼"
"305","街角邂逅121","https://cp1.douguo.com/upload/note/d/8/8/320_d8999d75ecb0362f6e81a7e42fc3bdf8.jpeg","162","https://www.douguo.com/dish/29803136","山药球"
"306","瑛子膳食","https://cp1.douguo.com/upload/note/5/a/d/320_5a9b41ab2dd38598358ff130219f3add.jpg","154","https://www.douguo.com/dish/29803109","『瑛子[爱心]膳食』蚕豆炒韭菜+菠菜鸡蛋饼+羊蝎子汤+柠檬茶"
"307","小笼包哦","https://cp1.douguo.com/upload/note/9/2/8/320_9215e36ec236346d58cc4ba0e21da478.jpg","198","https://www.douguo.com/dish/29803105","减肥餐第136天，减肥太难了"
"308","彩虹阳光cici","https://cp1.douguo.com/upload/note/4/9/1/320_49e18c13f2248595f5775f0a86b2fa91.jpeg","159","https://www.douguo.com/dish/29803102","冬日美食"
"309","yingling7","https://cp1.douguo.com/upload/note/2/5/4/320_25a77e93870faab275e453e1146db0a4.jpeg","223","https://www.douguo.com/dish/29803099","青椒番茄煮肉"
"310","果儿麻麻?","https://cp1.douguo.com/upload/note/c/8/d/320_c81ed626441f46cb9ca34f9deeca57bd.jpg","162","https://www.douguo.com/dish/29803089",
"311","alicefreewoman","https://cp1.douguo.com/upload/note/7/0/7/320_708bf43e67fcffc3814622869909e227.jpeg","155","https://www.douguo.com/dish/29803096","午餐"
"312","朱爱凝","https://cp1.douguo.com/upload/note/4/7/f/320_47ed56d4d032ec941d1c8484008d9ddf.jpeg","275","https://www.douguo.com/dish/29803059","年底开始各种忙"
"313","～遇见更好的自己～","https://cp1.douguo.com/upload/note/4/c/1/320_4c91f8b61f5ed3a52048262234becf61.jpg","158","https://www.douguo.com/dish/29803083","和闺蜜的午餐"
"314","胡老大哈尼","https://cp1.douguo.com/upload/note/8/2/9/320_1608010774536.jpg","194","https://www.douguo.com/dish/29803077","意式肉酱意面"
"315","青186","https://cp1.douguo.com/upload/note/a/1/f/320_a1bcfb333f3dbfef2203373a856b019f.jpg","163","https://www.douguo.com/dish/29803052","今天晨跑五公里回来的早餐，黑豆黑米黑芝麻豆浆，鸡蛋汉堡，多余的面糊摊了几张小煎饼，加萝卜干吃正好。"
"316","蕾妈小张","https://cp1.douguo.com/upload/note/e/1/2/320_e1069aed555db0777b3e1b5ba25cb152.jpeg","198","https://www.douguo.com/dish/29803068","今日午餐～"
"317","皮皮爱石头","https://cp1.douguo.com/upload/note/6/0/4/320_60c9367ca2355a25a474936034d07d64.jpg","164","https://www.douguo.com/dish/29803017","麻辣牛肉干，猪肉干，鸡爪"
"318","田田的私人厨房","https://cp1.douguo.com/upload/note/a/2/0/320_a206eddfdb4a3b3c69cf42649420f0e0.jpeg","150","https://www.douguo.com/dish/29803062","布朗尼杯子蛋糕"
"319","christi n a.","https://cp1.douguo.com/upload/note/4/c/2/320_4c4b5745679fd1c24b3f465099be2962.jpeg","162","https://www.douguo.com/dish/29803033","醋溜娃娃菜"
"320","豆豆粉#悦","https://cp1.douguo.com/upload/note/1/3/b/320_13a079d10701eb68fcc928d206cc04cb.jpg","181","https://www.douguo.com/dish/29803029","鸡腿山药汤"
"321","Athenadong","https://cp1.douguo.com/upload/note/a/7/c/320_a7426e791dd01b26f767caaef2f1d48c.jpeg","235","https://www.douguo.com/dish/29803022","純天然 凍蛋"
"322","不定期流浪的猫","https://cp1.douguo.com/upload/note/5/4/5/320_54daa48e5358b7fafbb7be88d3eedf75.jpeg","179","https://www.douguo.com/dish/29802975","倦怠而高效？"
"323","我想要面包","https://cp1.douguo.com/upload/note/c/4/5/320_c42e60f2076e6edf2754f12f213bfad5.jpeg","154","https://www.douguo.com/dish/29802973","午餐"
"324","君君梦","https://cp1.douguo.com/upload/note/5/2/4/320_52a6dd032e4464c35e6b964a3c6a9684.jpeg","152","https://www.douguo.com/dish/29802970","减脂午餐"
"325","陈&陈","https://cp1.douguo.com/upload/note/5/9/4/320_59a76edf89f671a1c0ce42594a5e6cc4.jpeg","165","https://www.douguo.com/dish/29802967","小院一角"
"326","F的YoYo","https://cp1.douguo.com/upload/note/8/7/0/320_87af30e44789fe40d7984eb801b82600.jpeg","222","https://www.douguo.com/dish/29802947","没有长高的吐司"
"327","8218婷","https://cp1.douguo.com/upload/note/2/f/1/320_2f70c228af5c00428455fc0640f21861.jpg","166","https://www.douguo.com/dish/29802961","冷"
"328","_南柯一梦_","https://cp1.douguo.com/upload/note/c/8/9/320_c8eb787174149fb090dfd539902356d9.jpg","156","https://www.douguo.com/dish/29802977","片完烤鸭熬个鸭架汤"
"329","会飞的小企鹅","https://cp1.douguo.com/upload/note/b/3/1/320_b3a25a6c9764299b106beef6c49e6c41.jpg","229","https://www.douguo.com/dish/29802958","酱肉丝"
"330","臭臭璨","https://cp1.douguo.com/upload/note/6/1/b/320_614fb7b088bd84fdbf0e33bacf3425bb.jpeg","166","https://www.douguo.com/dish/29802903","火龙果馍馍再次翻新"
"331","阳光恋花儿","https://cp1.douguo.com/upload/note/b/2/f/320_b2cc024ef72e2b014816d9ab8b99b34f.jpeg","200","https://www.douguo.com/dish/29802955","午餐"
"332","饭团团10","https://cp1.douguo.com/upload/note/b/5/9/320_b58fe0f06692d5811db683164eed7a79.jpeg","226","https://www.douguo.com/dish/29802935","今日份午餐：泡菜金针菇牛肉+酱爆菜杆+酸奶+米饭"
"333","蘑菇阿姨","https://cp1.douguo.com/upload/note/4/d/3/320_4d0e6879f01c94df7c5b37113e462d93.jpg","163","https://www.douguo.com/dish/29802953","瑶柱萝卜汤"
"334","娟857","https://cp1.douguo.com/upload/note/f/a/3/320_fa28dbe5106bdbe1d7a03d328955c303.jpeg","151","https://www.douguo.com/dish/29802932","花胶鸡汤补气 补胶原蛋白"
"335","朵儿708090","https://cp1.douguo.com/upload/note/8/e/7/320_8e4bbef613f246dbd9800d1873ddfc87.jpg","149","https://www.douguo.com/dish/29802930","黄蚬子，青椒土豆丝，红烧带鱼，茄子"
"336","汐MOM","https://cp1.douguo.com/upload/note/0/0/4/320_00b2c359d83338fd119ec51687aa6de4.jpg","158","https://www.douguo.com/dish/29802950","素食面"
"337","清扬么么哒","https://cp1.douguo.com/upload/note/1/d/9/320_1dff454182719ac01fffefad3e60b439.jpg","164","https://www.douguo.com/dish/29802887","我用了袋装的土豆粉，还打了一个荷包蛋！因为想给孩子一起吃，所以做的不辣版本"
"338","远影yuanying","https://cp1.douguo.com/upload/note/a/f/f/320_af166fdeac7337b834246afbe000eb5f.jpeg","254","https://www.douguo.com/dish/29802831","上汤萝卜丝"
"339","慧慧妈妈520","https://cp1.douguo.com/upload/note/8/b/a/320_8beebac6bb89c63246be2e44d635e10a.jpeg","170","https://www.douguo.com/dish/29802859","肝腰合炒"
"340","凌波微步0621","https://cp1.douguo.com/upload/note/2/2/4/320_227ce086e5f48505dab747aef1fa7544.jpg","319","https://www.douguo.com/dish/29802854","餐桌上的素与简(๑ºั╰╯ºั๑)"
"341","壮宝妈阳春白雪","https://cp1.douguo.com/upload/note/c/8/0/320_c8bcd146f66c3e71b69f78a2a1b46fb0.jpg","153","https://www.douguo.com/dish/29802908","炸白萝卜素丸子"
"342","猎头厨房","https://cp1.douguo.com/upload/note/1/2/0/320_129ec7571cef5837e313e7f6f017e750.jpg","164","https://www.douguo.com/dish/29802827","来碗冬阴功面，酸辣开胃，暖意融融！"
"343","远影yuanying","https://cp1.douguo.com/upload/note/d/0/b/320_d028733d1c2ca1814a8b7d175870ec9b.jpeg","260","https://www.douguo.com/dish/29802825","黑豆浆"
"344","桥边姑娘爱做美食","https://cp1.douguo.com/upload/note/b/6/3/320_b688996200380d7f8a6a464d981fc423.jpeg","152","https://www.douguo.com/dish/29802802","午餐打卡"
"345","精精精精精","https://cp1.douguo.com/upload/note/6/a/f/320_6a0fc5a6cd23ea98b990ee1c82dc9a2f.jpg","244","https://www.douguo.com/dish/29802640","用黑熊米出品的十锦炒饭真是太好吃了，米的口感一级棒"
"346","AdOc","https://cp1.douguo.com/upload/note/8/a/7/320_8ae8695099b41d42e1ff578acbbd0ba7.jpg","161","https://www.douguo.com/dish/29802845","黄豆萝卜牛蒡汤"
"347","赵师傅早餐","https://cp1.douguo.com/upload/note/0/f/d/320_1608006229219.jpg","193","https://www.douguo.com/dish/29802838","馒头教程"
"348","毛崽-大家都愛我","https://cp1.douguo.com/upload/note/7/f/e/320_7f9974eda1f2726bff258db66417164e.jpg","172","https://www.douguo.com/dish/29802797","自己带饭就是香"
"349","缘责cjr","https://cp1.douguo.com/upload/note/d/a/b/320_da89c968caba445618b913fe97e6c6cb.jpg","146","https://www.douguo.com/dish/29802836",
"350","dinaking","https://cp1.douguo.com/upload/note/2/2/1/320_22754dcef38f3f7e41c2044dbfdfcd71.jpg","146","https://www.douguo.com/dish/29802817","雪人⛄️"
"351","dinaking","https://cp1.douguo.com/upload/note/2/2/1/320_22754dcef38f3f7e41c2044dbfdfcd71.jpg","265","https://www.douguo.com/dish/29802817","雪人⛄️"
"352","游欣徵","https://cp1.douguo.com/upload/note/2/2/1/320_22754dcef38f3f7e41c2044dbfdfcd71.jpg","265","https://www.douguo.com/dish/29802817","雪人⛄️"
"353","缘责cjr","https://cp1.douguo.com/upload/note/7/f/e/320_7f9974eda1f2726bff258db66417164e.jpg","193","https://www.douguo.com/dish/29802797","自己带饭就是香"
"354","AdOc","https://cp1.douguo.com/upload/note/8/a/7/320_8ae8695099b41d42e1ff578acbbd0ba7.jpg","244","https://www.douguo.com/dish/29802845","黄豆萝卜牛蒡汤"
"355","精精精精精","https://cp1.douguo.com/upload/note/6/a/f/320_6a0fc5a6cd23ea98b990ee1c82dc9a2f.jpg","152","https://www.douguo.com/dish/29802640","用黑熊米出品的十锦炒饭真是太好吃了，米的口感一级棒"
"356","桥边姑娘爱做美食","https://cp1.douguo.com/upload/note/b/6/3/320_b688996200380d7f8a6a464d981fc423.jpeg","260","https://www.douguo.com/dish/29802802","黑豆浆"
"357","远影yuanying","https://cp1.douguo.com/upload/note/d/0/b/320_d028733d1c2ca1814a8b7d175870ec9b.jpeg","164","https://www.douguo.com/dish/29802825","来碗冬阴功面，酸辣开胃，暖意融融！"
"358","远影yuanying","https://cp1.douguo.com/upload/note/1/2/0/320_129ec7571cef5837e313e7f6f017e750.jpg","153","https://www.douguo.com/dish/29802825","来碗冬阴功面，酸辣开胃，暖意融融！"
"359","凌波微步0621","https://cp1.douguo.com/upload/note/8/b/a/320_8beebac6bb89c63246be2e44d635e10a.jpeg","170","https://www.douguo.com/dish/29802859","肝腰合炒"
"360","慧慧妈妈520","https://cp1.douguo.com/upload/note/8/b/a/320_8beebac6bb89c63246be2e44d635e10a.jpeg","254","https://www.douguo.com/dish/29802859","上汤萝卜丝"
"361","壮宝妈阳春白雪","https://cp1.douguo.com/upload/note/2/2/4/320_227ce086e5f48505dab747aef1fa7544.jpg","319","https://www.douguo.com/dish/29802854","餐桌上的素与简(๑ºั╰╯ºั๑)"
"362","游欣徵","https://cp1.douguo.com/upload/note/b/6/a/320_b69897461da24d21df1fc47b50295dda.jpeg","182","https://www.douguo.com/dish/29802793","如果不能成为大道，那就当一条小路，如果不能成为太阳那就当星星"
"363","娜娜食堂","https://cp1.douguo.com/upload/note/2/c/1/320_2c0bd653722d1d35b7be0389734f0bf1.jpg","167","https://www.douguo.com/dish/29802812","青椒土豆片 好吃的家常菜"
"364","美味无敌～","https://cp1.douguo.com/upload/note/3/b/2/320_3bdcdbe40cbce4aac037549428ccd542.jpg","162","https://www.douguo.com/dish/29802774","牛肉莴笋虾仁蒸饺"
"365","烟火小厨","https://cp1.douguo.com/upload/note/3/2/f/320_3256ab0217f6d17f00d6c3c3635c794f.jpeg","149","https://www.douguo.com/dish/29802787","昨日晚餐～蒜蓉白肉"
"366","芒果果酱1991","https://cp1.douguo.com/upload/note/9/b/7/320_9b07ba50be3e77ac770bc67c5b02b957.jpeg","151","https://www.douguo.com/dish/29802785","#芒果果私房小菜# 西红柿打卤面～～～"
"367","中国厨艺学院_叫兽Cen","https://cp1.douguo.com/upload/note/4/4/6/320_44e06ff599ff32aa1111b62b97c074f6.jpeg","164","https://www.douguo.com/dish/29802767","鲜到小舌头都掉了"
"368","YWP123","https://cp1.douguo.com/upload/note/7/8/6/320_787e942f37396737d09225f9b9b145e6.jpg","142","https://www.douguo.com/dish/29802766",
"369","好吃娃娃爱下厨","https://cp1.douguo.com/upload/note/e/2/2/320_e2e0c1ee639d8857ce2c2da4ca9bd6b2.jpg","160","https://www.douguo.com/dish/29802737","简简单单又一餐：干拌面  蛋酒汤"
"370","cr7austen","https://cp1.douguo.com/upload/note/6/2/8/320_625042ba028b9620a7f1ab6d4465e9b8.jpeg","232","https://www.douguo.com/dish/29802759","颜值爆表香炸天双色墨西哥酱香芋面包！"
"371","小崔姐姐","https://cp1.douguo.com/upload/note/8/d/c/320_8d48e38fcf49aed31f09d2475dbcd51c.jpg","165","https://www.douguo.com/dish/29802756","姥姥做给毛豆的午饭！"
"372","懒小喵丨","https://cp1.douguo.com/upload/note/b/3/2/320_b365827369379586900765e7f10404e2.jpg","187","https://www.douguo.com/dish/29802751","午饭"
"373","C.樱桃","https://cp1.douguo.com/upload/note/f/2/7/320_f2ff11622b6225fd91834b1d6f0e0d77.jpeg","165","https://www.douguo.com/dish/29802748","母鸡汤放了山药，炒茼蒿"
"374","红玫瑰高加珍","https://cp1.douguo.com/upload/note/a/5/0/320_a5ec90194b3972ea20230fc5acfdc090.jpg","160","https://www.douguo.com/dish/29802716","今天有小孩吃的红鼠饼"
"375","豆粉6029426457","https://cp1.douguo.com/upload/note/5/f/8/320_5f2619b6fb950db4c228adfc9621f2c8.jpeg","151","https://www.douguo.com/dish/29802713","午饭"
"376","嗳磊小曦","https://cp1.douguo.com/upload/note/e/c/4/320_1608004344056.jpg","169","https://www.douguo.com/dish/29802701","宝塔五花肉"
"377","嗳磊小曦","https://cp1.douguo.com/upload/note/e/c/4/320_1608004344056.jpg","151","https://www.douguo.com/dish/29802701","宝塔五花肉"
"378","客醉江南","https://cp1.douguo.com/upload/note/e/1/9/320_e171390946cb1e3e898ff7531df5cf39.jpeg","169","https://www.douguo.com/dish/29802698","大锅烩菜，冬日暖心菜"
"379","豆粉6029426457","https://cp1.douguo.com/upload/note/a/5/0/320_a5ec90194b3972ea20230fc5acfdc090.jpg","187","https://www.douguo.com/dish/29802716","今天有小孩吃的红鼠饼"
"380","懒小喵丨","https://cp1.douguo.com/upload/note/6/2/8/320_625042ba028b9620a7f1ab6d4465e9b8.jpeg","160","https://www.douguo.com/dish/29802759","颜值爆表香炸天双色墨西哥酱香芋面包！"
"381","好吃娃娃爱下厨","https://cp1.douguo.com/upload/note/7/8/6/320_787e942f37396737d09225f9b9b145e6.jpg","162","https://www.douguo.com/dish/29802766","#芒果果私房小菜# 西红柿打卤面～～～"
"382","游欣徵","https://cp1.douguo.com/upload/note/2/2/1/320_22754dcef38f3f7e41c2044dbfdfcd71.jpg","146","https://www.douguo.com/dish/29802817","雪人⛄️"
"383","毛崽-大家都愛我","https://cp1.douguo.com/upload/note/8/a/7/320_8ae8695099b41d42e1ff578acbbd0ba7.jpg","161","https://www.douguo.com/dish/29802845","黄豆萝卜牛蒡汤"
"384","远影yuanying","https://cp1.douguo.com/upload/note/1/2/0/320_129ec7571cef5837e313e7f6f017e750.jpg","164","https://www.douguo.com/dish/29802827","来碗冬阴功面，酸辣开胃，暖意融融！"
"385","猎头厨房","https://cp1.douguo.com/upload/note/1/2/0/320_129ec7571cef5837e313e7f6f017e750.jpg","153","https://www.douguo.com/dish/29802827","来碗冬阴功面，酸辣开胃，暖意融融！"
"386","赵师傅早餐","https://cp1.douguo.com/upload/note/0/f/d/320_1608006229219.jpg","161","https://www.douguo.com/dish/29802838","馒头教程"
"387","赵师傅早餐","https://cp1.douguo.com/upload/note/8/a/7/320_8ae8695099b41d42e1ff578acbbd0ba7.jpg","161","https://www.douguo.com/dish/29802845","黄豆萝卜牛蒡汤"
"388","赵师傅早餐","https://cp1.douguo.com/upload/note/8/a/7/320_8ae8695099b41d42e1ff578acbbd0ba7.jpg","244","https://www.douguo.com/dish/29802845","黄豆萝卜牛蒡汤"
"389","精精精精精","https://cp1.douguo.com/upload/note/1/2/0/320_129ec7571cef5837e313e7f6f017e750.jpg","153","https://www.douguo.com/dish/29802802","来碗冬阴功面，酸辣开胃，暖意融融！"
"390","壮宝妈阳春白雪","https://cp1.douguo.com/upload/note/2/2/4/320_227ce086e5f48505dab747aef1fa7544.jpg","319","https://www.douguo.com/dish/29802854","餐桌上的素与简(๑ºั╰╯ºั๑)"
"391","慧慧妈妈520","https://cp1.douguo.com/upload/note/8/b/a/320_8beebac6bb89c63246be2e44d635e10a.jpeg","164","https://www.douguo.com/dish/29802859","肝腰合炒"
"392","远影yuanying","https://cp1.douguo.com/upload/note/8/e/7/320_8e4bbef613f246dbd9800d1873ddfc87.jpg","151","https://www.douguo.com/dish/29802887","花胶鸡汤补气 补胶原蛋白"
"393","娟857","https://cp1.douguo.com/upload/note/4/d/3/320_4d0e6879f01c94df7c5b37113e462d93.jpg","226","https://www.douguo.com/dish/29802953","瑶柱萝卜汤"
"394","饭团团10","https://cp1.douguo.com/upload/note/c/8/9/320_c8eb787174149fb090dfd539902356d9.jpg","165","https://www.douguo.com/dish/29802903","冷"
"395","君君梦","https://cp1.douguo.com/upload/note/5/2/4/320_52a6dd032e4464c35e6b964a3c6a9684.jpeg","154","https://www.douguo.com/dish/29802970","减脂午餐"
"396","Athenadong","https://cp1.douguo.com/upload/note/a/2/0/320_a206eddfdb4a3b3c69cf42649420f0e0.jpeg","150","https://www.douguo.com/dish/29803033","布朗尼杯子蛋糕"
"397","皮皮爱石头","https://cp1.douguo.com/upload/note/e/1/2/320_e1069aed555db0777b3e1b5ba25cb152.jpeg","198","https://www.douguo.com/dish/29803068","今日午餐～"
"398","胡老大哈尼","https://cp1.douguo.com/upload/note/4/c/1/320_4c91f8b61f5ed3a52048262234becf61.jpg","158","https://www.douguo.com/dish/29803083","和闺蜜的午餐"
"399","朱爱凝","https://cp1.douguo.com/upload/note/7/0/7/320_708bf43e67fcffc3814622869909e227.jpeg","162","https://www.douguo.com/dish/29803059","午餐"
"400","果儿麻麻?","https://cp1.douguo.com/upload/note/c/8/d/320_c81ed626441f46cb9ca34f9deeca57bd.jpg","159","https://www.douguo.com/dish/29803089",
"401","yingling7","https://cp1.douguo.com/upload/note/4/9/1/320_49e18c13f2248595f5775f0a86b2fa91.jpeg","198","https://www.douguo.com/dish/29803102","减肥餐第136天，减肥太难了"
"402","慧慧妈妈520","https://cp1.douguo.com/upload/note/a/f/f/320_af166fdeac7337b834246afbe000eb5f.jpeg","254","https://www.douguo.com/dish/29802831","上汤萝卜丝"
"403","凌波微步0621","https://cp1.douguo.com/upload/note/2/2/4/320_227ce086e5f48505dab747aef1fa7544.jpg","170","https://www.douguo.com/dish/29802854","餐桌上的素与简(๑ºั╰╯ºั๑)"
"404","远影yuanying","https://cp1.douguo.com/upload/note/1/d/9/320_1dff454182719ac01fffefad3e60b439.jpg","158","https://www.douguo.com/dish/29802831","我用了袋装的土豆粉，还打了一个荷包蛋！因为想给孩子一起吃，所以做的不辣版本"
"405","汐MOM","https://cp1.douguo.com/upload/note/8/e/7/320_8e4bbef613f246dbd9800d1873ddfc87.jpg","149","https://www.douguo.com/dish/29802950","黄蚬子，青椒土豆丝，红烧带鱼，茄子"
"406","汐MOM","https://cp1.douguo.com/upload/note/8/e/7/320_8e4bbef613f246dbd9800d1873ddfc87.jpg","149","https://www.douguo.com/dish/29802930","黄蚬子，青椒土豆丝，红烧带鱼，茄子"
"407","朵儿708090","https://cp1.douguo.com/upload/note/4/d/3/320_4d0e6879f01c94df7c5b37113e462d93.jpg","163","https://www.douguo.com/dish/29802953","瑶柱萝卜汤"
"408","蘑菇阿姨","https://cp1.douguo.com/upload/note/4/d/3/320_4d0e6879f01c94df7c5b37113e462d93.jpg","226","https://www.douguo.com/dish/29802953","瑶柱萝卜汤"
"409","娟857","https://cp1.douguo.com/upload/note/4/d/3/320_4d0e6879f01c94df7c5b37113e462d93.jpg","163","https://www.douguo.com/dish/29802953","瑶柱萝卜汤"
"410","朵儿708090","https://cp1.douguo.com/upload/note/8/e/7/320_8e4bbef613f246dbd9800d1873ddfc87.jpg","151","https://www.douguo.com/dish/29802930","黄蚬子，青椒土豆丝，红烧带鱼，茄子"
"411","慧慧妈妈520","https://cp1.douguo.com/upload/note/8/b/a/320_8beebac6bb89c63246be2e44d635e10a.jpeg","254","https://www.douguo.com/dish/29802859","肝腰合炒"
"412","凌波微步0621","https://cp1.douguo.com/upload/note/8/b/a/320_8beebac6bb89c63246be2e44d635e10a.jpeg","170","https://www.douguo.com/dish/29802854","肝腰合炒"
"413","凌波微步0621","https://cp1.douguo.com/upload/note/8/b/a/320_8beebac6bb89c63246be2e44d635e10a.jpeg","170","https://www.douguo.com/dish/29802859","肝腰合炒"
"414","远影yuanying","https://cp1.douguo.com/upload/note/1/d/9/320_1dff454182719ac01fffefad3e60b439.jpg","164","https://www.douguo.com/dish/29802831","我用了袋装的土豆粉，还打了一个荷包蛋！因为想给孩子一起吃，所以做的不辣版本"
"415","清扬么么哒","https://cp1.douguo.com/upload/note/0/0/4/320_00b2c359d83338fd119ec51687aa6de4.jpg","158","https://www.douguo.com/dish/29802950","素食面"
"416","汐MOM","https://cp1.douguo.com/upload/note/8/e/7/320_8e4bbef613f246dbd9800d1873ddfc87.jpg","149","https://www.douguo.com/dish/29802930","黄蚬子，青椒土豆丝，红烧带鱼，茄子"
"417","娟857","https://cp1.douguo.com/upload/note/b/2/f/320_b2cc024ef72e2b014816d9ab8b99b34f.jpeg","229","https://www.douguo.com/dish/29802935","午餐"
"418","8218婷","https://cp1.douguo.com/upload/note/8/7/0/320_87af30e44789fe40d7984eb801b82600.jpeg","165","https://www.douguo.com/dish/29802961","小院一角"
"419","陈&陈","https://cp1.douguo.com/upload/note/5/2/4/320_52a6dd032e4464c35e6b964a3c6a9684.jpeg","152","https://www.douguo.com/dish/29802970","减脂午餐"
"420","我想要面包","https://cp1.douguo.com/upload/note/5/4/5/320_54daa48e5358b7fafbb7be88d3eedf75.jpeg","179","https://www.douguo.com/dish/29802975","倦怠而高效？"
"421","我想要面包","https://cp1.douguo.com/upload/note/5/4/5/320_54daa48e5358b7fafbb7be88d3eedf75.jpeg","179","https://www.douguo.com/dish/29802973","倦怠而高效？"
"422","不定期流浪的猫","https://cp1.douguo.com/upload/note/5/4/5/320_54daa48e5358b7fafbb7be88d3eedf75.jpeg","181","https://www.douguo.com/dish/29802975","純天然 凍蛋"
"423","豆豆粉#悦","https://cp1.douguo.com/upload/note/4/c/2/320_4c4b5745679fd1c24b3f465099be2962.jpeg","162","https://www.douguo.com/dish/29803033","醋溜娃娃菜"
"424","christi n a.","https://cp1.douguo.com/upload/note/4/c/2/320_4c4b5745679fd1c24b3f465099be2962.jpeg","150","https://www.douguo.com/dish/29803033","醋溜娃娃菜"
"425","豆豆粉#悦","https://cp1.douguo.com/upload/note/4/c/2/320_4c4b5745679fd1c24b3f465099be2962.jpeg","162","https://www.douguo.com/dish/29803029","醋溜娃娃菜"
"426","豆豆粉#悦","https://cp1.douguo.com/upload/note/4/c/2/320_4c4b5745679fd1c24b3f465099be2962.jpeg","150","https://www.douguo.com/dish/29803029","醋溜娃娃菜"
"427","皮皮爱石头","https://cp1.douguo.com/upload/note/e/1/2/320_e1069aed555db0777b3e1b5ba25cb152.jpeg","198","https://www.douguo.com/dish/29803017","今日午餐～"
"428","皮皮爱石头","https://cp1.douguo.com/upload/note/a/1/f/320_a1bcfb333f3dbfef2203373a856b019f.jpg","194","https://www.douguo.com/dish/29803068","今天晨跑五公里回来的早餐，黑豆黑米黑芝麻豆浆，鸡蛋汉堡，多余的面糊摊了几张小煎饼，加萝卜干吃正好。"
"429","胡老大哈尼","https://cp1.douguo.com/upload/note/4/c/1/320_4c91f8b61f5ed3a52048262234becf61.jpg","275","https://www.douguo.com/dish/29803083","年底开始各种忙"
"430","朱爱凝","https://cp1.douguo.com/upload/note/7/0/7/320_708bf43e67fcffc3814622869909e227.jpeg","155","https://www.douguo.com/dish/29803096","午餐"
"431","yingling7","https://cp1.douguo.com/upload/note/4/9/1/320_49e18c13f2248595f5775f0a86b2fa91.jpeg","154","https://www.douguo.com/dish/29803102","冬日美食"
"432","街角邂逅121","https://cp1.douguo.com/upload/note/8/3/b/320_1608012915909.jpg","226","https://www.douguo.com/dish/29803161","龙凤呈祥蔬果汇主料：火龙果适量、芒果适量、秋葵适量、彩椒适量辅料：淀粉适量、食盐适量、黑胡椒适量 做法：1、将火龙果、芒果切块，小碗中倒入淀粉、盐搅拌均匀。2、秋葵焯水后切碎、彩椒切碎。3、倒油开火，放入果蔬、黑胡椒，翻炒均匀后加淀粉液，继续翻炒。4、倒入火龙果壳，即可享用~"
"433","落荒而逃的猪棒骨","https://cp1.douguo.com/upload/note/0/c/c/320_0cc47baeafd038c64b6044c2777d571c.jpeg","153","https://www.douguo.com/dish/29803214","继续大雪，吃饱点儿好出去玩"
"434","吃喝玩乐dg","https://cp1.douguo.com/upload/note/3/8/0/320_38fffb28654db6481d040c6850bb6b40.jpeg","189","https://www.douguo.com/dish/29803211","真是苏的掉渣 不是很甜 口感很好"
"435","如果_有如果38","https://cp1.douguo.com/upload/note/f/c/7/320_fc2273cd207bcfad2c0a76131e15f437.jpg","160","https://www.douguo.com/dish/29803274",
"436","Meet_wish","https://cp1.douguo.com/upload/note/4/a/0/320_4a20d35baba2c3e638cc70fbd24c00b0.jpg","166","https://www.douguo.com/dish/29803328","天天早餐"
"437","老梁1","https://cp1.douguo.com/upload/note/1/e/e/320_1e84b51606d29adfcc9a2ed58918dcce.jpeg","189","https://www.douguo.com/dish/29803367","蓝莓山药"
"438","霸王龙麻麻","https://cp1.douguo.com/upload/note/4/9/b/320_499f4dcf8bb58922873d96c51c18d8db.jpeg","329","https://www.douguo.com/dish/29791483","超柔软生吐司"
"439","蝶舞九天","https://cp1.douguo.com/upload/note/e/8/9/320_e86b431ad673410c02fb837627e32cd9.jpg","155","https://www.douguo.com/dish/29803386","兰州拉面"
"440","老邢成功减肥60斤","https://cp1.douguo.com/upload/note/e/8/9/320_e86b431ad673410c02fb837627e32cd9.jpg","199","https://www.douguo.com/dish/29803386","兰州拉面"
"441","老邢成功减肥60斤","https://cp1.douguo.com/upload/note/e/8/9/320_e86b431ad673410c02fb837627e32cd9.jpg","199","https://www.douguo.com/dish/29803386","兰州拉面"
"442","老邢成功减肥60斤","https://cp1.douguo.com/upload/note/3/b/7/320_1608019042481.jpg","199","https://www.douguo.com/dish/29803385","记录"
"443","小松鼠YY","https://cp1.douguo.com/upload/note/e/b/3/320_ebc63b45e6e1dc1217682b421a1343a3.jpeg","204","https://www.douguo.com/dish/29803387","早餐"
"444","Q弹的千层糕","https://cp1.douguo.com/upload/note/b/4/8/320_b47a009b6406ff7426f83788c19fecb8.jpeg","158","https://www.douguo.com/dish/29803392","番薯是我永远吃不厌的东西，番薯干也是，特别这种粗粗滴有嚼劲的！"
"445","Marsally390","https://cp1.douguo.com/upload/note/9/e/0/320_9e5cb497bf4dd8805ed0ff73c7e57a60.jpeg","159","https://www.douguo.com/dish/29803392","白米饭+双椒炒鸡胗=完美搭档"
"446","老梁1","https://cp1.douguo.com/upload/note/f/f/2/320_ff2c8e873f94999c46f9f9f63fefafa2.jpeg","159","https://www.douguo.com/dish/29799655","2020.12.15中午"
"447","桔子柠檬水","https://cp1.douguo.com/upload/note/0/f/5/320_0feae6ad9b4a816a33663fe866049fc5.jpeg","105","https://www.douguo.com/dish/29803436","用黄油做的"
