"id","title","url","img","num"
"1","火锅","https://www.douguo.com/caidan/10002964.html","https://cp1.douguo.com/upload/caiku/4/7/7/400x266_47f4b80dd313b2bee52599be49c06c57.png","1道菜谱"
"2","10分钟快手美食","https://www.douguo.com/caidan/9995819.html","https://cp1.douguo.com/upload/caiku/f/3/f/400x266_f3b5538585d61c55f7acd93065313c6f.jpg","4道菜谱"
"3","暖心家人餐","https://www.douguo.com/caidan/9988649.html","https://cp1.douguo.com/upload/caiku/d/4/4/400x266_d4ba93f115df9fbb406c0a3c457f8d64.jpg","4道菜谱"
"4","年轻人的简单好食","https://www.douguo.com/caidan/9980547.html","https://cp1.douguo.com/upload/caiku/3/1/6/400x266_314b0878f128078d58911c99e30cd806.jpg","3道菜谱"
"5","冬日家常菜","https://www.douguo.com/caidan/9974649.html","https://cp1.douguo.com/upload/caiku/3/f/8/400x266_3f751bea47172fefa0ff338dc7c6f938.jpg","10道菜谱"
"6","健康儿童菜谱","https://www.douguo.com/caidan/9967108.html","https://cp1.douguo.com/upload/caiku/2/c/e/400x266_2c4742d8bd9cbd89a1bb2fb6c30643de.jpg","37道菜谱"
"7","地方特色菜","https://www.douguo.com/caidan/9964515.html","https://cp1.douguo.com/upload/caiku/c/7/4/400x266_c74391eeb3a57e4b955f20ff653affb4.jpg","4道菜谱"
"8","超级下饭菜","https://www.douguo.com/caidan/9964514.html","https://cp1.douguo.com/upload/caiku/7/8/1/400x266_78754223f4ea1b9dc9b2afe4758e2c61.jpg","8道菜谱"
"9","红烧做法","https://www.douguo.com/caidan/9958461.html","https://cp1.douguo.com/upload/caiku/3/4/0/400x266_3426d6b3fa66450cb219af1e0d8f8430.jpg","8道菜谱"
"10","深秋的海鲜盛宴","https://www.douguo.com/caidan/9952271.html","https://cp1.douguo.com/upload/caiku/a/2/1/400x266_a298aad901c5953a7b8ca376265aa961.jpg","10道菜谱"
"11","七夕专属甜蜜料理","https://www.douguo.com/caidan/9878773.html","https://cp1.douguo.com/upload/caiku/8/5/5/400x266_8508aed581edc8d08b9fe24f153c8205.jpg","10道菜谱"
"12","初夏必吃的爽口美味料理","https://www.douguo.com/caidan/9795292.html","https://cp1.douguo.com/upload/caiku/4/a/0/400x266_4a3eacdc8ca98a34d53b00ddd48b7230.jpg","10道菜谱"
"13","21点爱妻夜宵合集","https://www.douguo.com/caidan/9728909.html","https://cp1.douguo.com/upload/caiku/2/6/1/400x266_26a73cf93dadfb11f129927ff8795661.jpg","10道菜谱"
"14","18点爱妻晚餐合集","https://www.douguo.com/caidan/9728896.html","https://cp1.douguo.com/upload/caiku/e/3/c/400x266_e3e6ad3d96ebbdeba5af31f50a4dba4c.jpg","10道菜谱"
"15","15点爱妻下午茶合集","https://www.douguo.com/caidan/9728886.html","https://cp1.douguo.com/upload/caiku/7/5/4/400x266_75dfa5b104e70d45111545aaf8b4ebd4.jpg","10道菜谱"
"16","12点爱妻午餐合集","https://www.douguo.com/caidan/9728874.html","https://cp1.douguo.com/upload/caiku/6/7/6/400x266_67bf16224037308b7371b63cdd8879a6.jpg","10道菜谱"
"17","9点爱妻Brunch合集","https://www.douguo.com/caidan/9726812.html","https://cp1.douguo.com/upload/caiku/7/b/6/400x266_7bc351ff0f7456e9f3b887646358a0f6.jpg","10道菜谱"
"18","7点爱妻早餐合集","https://www.douguo.com/caidan/9726792.html","https://cp1.douguo.com/upload/caiku/5/a/0/400x266_5a0587e4acbdd022bace23b841f29ef0.jpg","10道菜谱"
"19","快手春食记  复工so easy！","https://www.douguo.com/caidan/9603257.html","https://cp1.douguo.com/upload/caiku/7/2/9/400x266_72662e42f50f7cb5759ca47b324b58e9.jpg","10道菜谱"
"20","川味厨艺进击直升班开课啦～","https://www.douguo.com/caidan/9483721.html","https://cp1.douguo.com/upload/caiku/3/e/0/400x266_3e18bbea5801009f98360a64c18c95a0.jpg","6道菜谱"
"21","宅家情人节 同样充满爱意","https://www.douguo.com/caidan/9296517.html","https://cp1.douguo.com/upload/caiku/b/d/2/400x266_bd8d2da19c9a13ee15fde5a573e3e082.jpg","10道菜谱"
"22","趣味料理 玩转缤纷圣诞~~","https://www.douguo.com/caidan/9084958.html","https://cp1.douguo.com/upload/caiku/2/6/e/400x266_26e7a2f611f369965a517a85cc80195e.jpg","10道菜谱"
"23","万圣节大餐 趣味温馨好滋味","https://www.douguo.com/caidan/8945864.html","https://cp1.douguo.com/upload/caiku/a/c/7/400x266_aca08204cfc52a4a0fd6f98151d36967.jpg","9道菜谱"
"24","6款炖菜，营养驱寒又健康","https://www.douguo.com/caidan/8906302.html","https://cp1.douguo.com/upload/caiku/6/b/8/400x266_6b3b593b212e8f9af9ead3e9a9724c08.jpeg","6道菜谱"
"25","高阶菜谱","https://www.douguo.com/caidan/8869932.html","https://cp1.douguo.com/upload/caiku/9/a/2/400x266_9a57c27beb49d48f313ea8517a1050b2.png","119道菜谱"
"26","9月10日 • 今天吃什么","https://www.douguo.com/caidan/8828002.html","https://cp1.douguo.com/upload/caiku/b/d/1/400x266_bdacb1019d2566c38c86dfdd1d8c2831.jpg","32道菜谱"
"27","9月8日 • 今天吃什么","https://www.douguo.com/caidan/8822913.html","https://cp1.douguo.com/upload/caiku/0/8/d/400x266_08b0cd72a6a03c9ff7e336c599c8037d.jpeg","32道菜谱"
"28","9月7日 • 今天吃什么","https://www.douguo.com/caidan/8816758.html","https://cp1.douguo.com/upload/caiku/c/7/c/400x266_c78efe4d7ba6406293416e5f0d6a02cc.jpeg","30道菜谱"
"29","9月6日 • 今天吃什么","https://www.douguo.com/caidan/8816399.html","https://cp1.douguo.com/upload/caiku/5/b/6/400x266_5b5d0730c6a57a4060dbb65b8023fca6.jpg","32道菜谱"
"30","女人必备保养秘籍丨桃胶你吃对了吗？","https://www.douguo.com/caidan/8815073.html","https://cp1.douguo.com/upload/caiku/6/9/1/400x266_69dac951be6522c01d140d5ba0524c11.jpg","5道菜谱"
"31","清肠排便，赶走便秘竟这么简单，只需要早晨空腹吃这些！","https://www.douguo.com/caidan/8815068.html","https://cp1.douguo.com/upload/caiku/2/5/d/400x266_25bd222a21a1e145d57c09b250d16abd.jpg","5道菜谱"
"32","这3种大蒜不要买，后悔现在才知道，看完赶快告诉家里人！","https://www.douguo.com/caidan/8815063.html","https://cp1.douguo.com/upload/caiku/e/d/3/400x266_ede05f1fc6d5bbd10ddc839df17fa1b3.jpg","5道菜谱"
"33","入秋之后，必喝这碗粥，最是滋补！喝好了，保家人一秋安康！","https://www.douguo.com/caidan/8815060.html","https://cp1.douguo.com/upload/caiku/a/9/8/400x266_a9314df2c0894a9033687a9d24f9ce98.jpeg","5道菜谱"
"34","胃不好的人有救了！，不仅滋补养胃，还能身体提高免疫力","https://www.douguo.com/caidan/8815059.html","https://cp1.douguo.com/upload/caiku/a/6/a/400x266_a6fe151871400ebe787b8144fee64cda.JPG","5道菜谱"
"35","家里有面粉一定要试试这样做，一口酥掉渣，新手一次就成功！","https://www.douguo.com/caidan/8815054.html","https://cp1.douguo.com/upload/caiku/4/d/f/400x266_4d831bd9a28dec42245616912c4ba10f.jpg","5道菜谱"
"36","老祖宗留下来的偏方就是牛，健脾暖胃又补血，每个女人都该来一碗","https://www.douguo.com/caidan/8815052.html","https://cp1.douguo.com/upload/caiku/c/f/6/400x266_cf1473377f2f634f225b4c2e01220516.jpg","5道菜谱"
"37","土豆天天吃不腻，我的秘诀是......","https://www.douguo.com/caidan/8815047.html","https://cp1.douguo.com/upload/caiku/f/e/5/400x266_fe4e9e0b0326ad928a3b577ae9c3f325.jpg","6道菜谱"
"38","这样吃，越来越瘦还健康！","https://www.douguo.com/caidan/8815044.html","https://cp1.douguo.com/upload/caiku/3/f/9/400x266_3f5fdeb513b5f911432bca7b740a5ac9.jpg","6道菜谱"
"39","“剩面条”如何一招秒变大餐！","https://www.douguo.com/caidan/8815040.html","https://cp1.douguo.com/upload/caiku/2/2/5/400x266_22491b57d670f0d3373d916c75f454e5.jpeg","6道菜谱"
"40","这些下饭菜，连吃3天都不腻!","https://www.douguo.com/caidan/8815034.html","https://cp1.douguo.com/upload/caiku/c/b/7/400x266_cbeac2132fecd9f1e45e5e0066580057.jpg","8道菜谱"
"41","一道常见的隔夜菜，竟让65岁老人高烧腹痛患上肾衰竭，太可怕了","https://www.douguo.com/caidan/8815029.html","https://cp1.douguo.com/upload/caiku/8/7/f/400x266_879db5749ccf453073c988dc8eb2c2cf.jpg","5道菜谱"
"42","9月5日 • 今天吃什么","https://www.douguo.com/caidan/8814922.html","https://cp1.douguo.com/upload/caiku/d/5/9/400x266_d55bae761fbcfd51a6cc3c979746a219.jpg","32道菜谱"
"43","原来它才是真正的米饭杀手!","https://www.douguo.com/caidan/8811992.html","https://cp1.douguo.com/upload/caiku/a/8/6/400x266_a8a22ff0c7883d01b32d08c30c781e36.jpeg","8道菜谱"
"44","秋季进补有方，你家吃对了吗？","https://www.douguo.com/caidan/8811983.html","https://cp1.douguo.com/upload/caiku/8/a/0/400x266_8adf25dc47e34c5dd838ca357f600d00.jpg","6道菜谱"
"45","广东人煮粥的秘密竟被我发现了！","https://www.douguo.com/caidan/8811974.html","https://cp1.douguo.com/upload/caiku/6/7/e/400x266_67437c26f4d1ec19a314d1516bea83ee.jpeg","6道菜谱"
"46","《中餐厅》最火同款美食来袭！","https://www.douguo.com/caidan/8811972.html","https://cp1.douguo.com/upload/caiku/4/2/4/400x266_422766a188596c907aa5b209e67067d4.jpg","6道菜谱"
"47","揭秘|这7种做菜习惯很容易致癌 大多数人忽略了！","https://www.douguo.com/caidan/8811957.html","https://cp1.douguo.com/upload/caiku/a/9/1/400x266_a9103cb00b59118fa6e61f00f58c5101.jpg","5道菜谱"
"48","最喜欢你们说我高油、高脂又戒不掉我的样子","https://www.douguo.com/caidan/8811916.html","https://cp1.douguo.com/upload/caiku/4/c/8/400x266_4c140562f3dd4dc2ade2d69308ffb6a8.jpeg","5道菜谱"
"49","秋燥天，女人再忙也要煲这汤喝，养血安神，改善体质，越喝越年轻","https://www.douguo.com/caidan/8811909.html","https://cp1.douguo.com/upload/caiku/8/a/7/400x266_8a35e5c07b20778caaee2e7818fc2f57.jpeg","5道菜谱"
"50","没有它的夜晚，简直是白过了！","https://www.douguo.com/caidan/8811902.html","https://cp1.douguo.com/upload/caiku/4/a/8/400x266_4afd8101e39f08d17e00936849f359a8.jpg","5道菜谱"
"51","过了30岁，我素颜也被夸肤白貌美，竟是因为吃了它！","https://www.douguo.com/caidan/8811897.html","https://cp1.douguo.com/upload/caiku/9/d/3/400x266_9df4da44b83799394b8ee241c4876e83.png","5道菜谱"
"52","过了30岁，我素颜也被夸肤白貌美，竟是因为吃了它！","https://www.douguo.com/caidan/8811896.html","https://cp1.douguo.com/upload/caiku/9/d/3/400x266_9df4da44b83799394b8ee241c4876e83.png","5道菜谱"
"53","米饭里面加点它，养生防病控三高，一定要常给家人吃！","https://www.douguo.com/caidan/8811761.html","https://cp1.douguo.com/upload/caiku/d/8/8/400x266_d896deb275cc1210d92bd238303277c8.jpeg","5道菜谱"
"54","最好吃的馅饼做法，掌握这个比例，个个薄皮大馅，忒好吃！","https://www.douguo.com/caidan/8811736.html","https://cp1.douguo.com/upload/caiku/3/9/e/400x266_39f57bec71fe6415b8246d1e23c0326e.JPG","5道菜谱"
"55","40年泡菜经验就这3个秘诀，不懂你就白腌了!","https://www.douguo.com/caidan/8811705.html","https://cp1.douguo.com/upload/caiku/9/f/9/400x266_9f1a3c05d7c060e2f062bd947ee20a29.jpeg","5道菜谱"
"56","女孩自制“爆米花”全身烧伤，厨房里的这些隐患千万不能忽视掉！","https://www.douguo.com/caidan/8809040.html","https://cp1.douguo.com/upload/caiku/a/9/4/400x266_a99f46ea464706d5138dab2ae4434ba4.jpeg","5道菜谱"
"57","早晚一杯“刮油水”，轻松减掉小肚子，恢复纤细小蛮腰","https://www.douguo.com/caidan/8809019.html","https://cp1.douguo.com/upload/caiku/f/5/f/400x266_f572805ed8deb3aa133f312d0c42c4af.jpg","5道菜谱"
"58","这道人见人爱的美味竟然能减肥，跟我这样做，汤头浓郁、热量低！","https://www.douguo.com/caidan/8809011.html","https://cp1.douguo.com/upload/caiku/c/0/5/400x266_c051c6079d850ece0e8af410951b4a75.jpg","5道菜谱"
"59","这些蒸出来的菜，不用炒也不用炖，我还能再吃100年，赶紧来看","https://www.douguo.com/caidan/8808903.html","https://cp1.douguo.com/upload/caiku/5/1/3/400x266_5183cb7714deba059d75773d8be9b383.jpg","5道菜谱"
"60","蒸鸡蛋羹，只需记住一个妙招，无论冷水热水都无蜂窝状，滑如布丁","https://www.douguo.com/caidan/8808897.html","https://cp1.douguo.com/upload/caiku/1/5/8/400x266_15ae3ac425c0d4cdda6f21e87a5088d8.jpg","5道菜谱"
"61","入秋的“它”,营养比猪肉高10倍！一周三次干燥皮肤变得水嫩嫩","https://www.douguo.com/caidan/8808893.html","https://cp1.douguo.com/upload/caiku/4/2/4/400x266_4288cd045ea08943db3c54b5e985ee34.jpg","6道菜谱"
"62","炖汤时用冷水还是热水？我一直都搞错啦，难怪汤会没营养还特腥!","https://www.douguo.com/caidan/8808882.html","https://cp1.douguo.com/upload/caiku/5/f/1/400x266_5fabd1cbe90cb27a4dbec12d443a70e1.jpg","5道菜谱"
"63","吓人！吃桃子会中毒？","https://www.douguo.com/caidan/8808840.html","https://cp1.douguo.com/upload/caiku/3/3/7/400x266_33eccbf11956fdd9ca859f767ce90547.jpeg","6道菜谱"
"64","爱吃肉？竟是基因在作祟！","https://www.douguo.com/caidan/8808834.html","https://cp1.douguo.com/upload/caiku/7/3/9/400x266_73e0fac1f1b47bfb8241a5dda3fc89b9.jpg","6道菜谱"
"65","秋日偷个懒，轻松来一餐！","https://www.douguo.com/caidan/8808827.html","https://cp1.douguo.com/upload/caiku/4/d/3/400x266_4d1099090e5246ca4d7bcf4089a59313.jpeg","8道菜谱"
"66","如果不想上班，不如来点......","https://www.douguo.com/caidan/8808822.html","https://cp1.douguo.com/upload/caiku/a/a/c/400x266_aaad9d041e8aeef1870f26d4fc8baa1c.jpg","8道菜谱"
"67","“吃货”盗贼偷化妆饼吃：包裹上写着“蜜粉饼”，还以为是吃的","https://www.douguo.com/caidan/8808810.html","https://cp1.douguo.com/upload/caiku/2/2/d/400x266_2282583afb772467f735cc3308017e5d.jpg","6道菜谱"
"68","9月4日 • 今天吃什么","https://www.douguo.com/caidan/8808576.html","https://cp1.douguo.com/upload/caiku/3/c/5/400x266_3c7b554a1025c8c679095849dd304dd5.jpeg","32道菜谱"
"69","9月3日 • 今天吃什么","https://www.douguo.com/caidan/8808563.html","https://cp1.douguo.com/upload/caiku/2/7/c/400x266_27e302830d92344899907b75cf80873c.jpg","32道菜谱"
"70","多吃10种农村路边的“野草”，少吃很多药，比人参还有效","https://www.douguo.com/caidan/8806866.html","https://cp1.douguo.com/upload/caiku/2/4/e/400x266_24df8104b5ea9c6b433a61d19a5d0ffe.jpg","6道菜谱"
"71","看完小欢喜结局后，我也忍不住想吃饺子了！","https://www.douguo.com/caidan/8806849.html","https://cp1.douguo.com/upload/caiku/f/b/2/400x266_fb37dc16ac8842700f138100d3946d82.jpg","6道菜谱"
"72","入秋后，男人要想体质好，这汤要多喝，鲜美滋补，越喝越年轻","https://www.douguo.com/caidan/8806839.html","https://cp1.douguo.com/upload/caiku/6/6/7/400x266_66b7c1b93a87a89774e0ed51f5a29417.jpeg","6道菜谱"
"73","看完小欢喜结局后，我也忍不住想吃饺子了！","https://www.douguo.com/caidan/8805404.html","https://cp1.douguo.com/upload/caiku/c/e/3/400x266_ce3fa7544a22c0d9fa3277597b3ce323.jpg","6道菜谱"
"74","它的维生素C高达西红柿的15倍，隔三差五吃，40岁仍是少女脸","https://www.douguo.com/caidan/8805392.html","https://cp1.douguo.com/upload/caiku/f/b/a/400x266_fb7f34cc50f8b152365b4401fb30335a.jpg","6道菜谱"
"75","海鲜店老板说漏嘴：这3种带鱼再便宜也不能买，100%上当！","https://www.douguo.com/caidan/8805378.html","https://cp1.douguo.com/upload/caiku/6/2/3/400x266_62e5fea52cf93de050e8a02ea5da3b33.jpg","6道菜谱"
"76","价值十万，很多卤味儿店都在用的配方，拿走不谢","https://www.douguo.com/caidan/8805371.html","https://cp1.douguo.com/upload/caiku/4/5/4/400x266_45c9cc20fd19bddf1f534060c6b70b34.jpeg","6道菜谱"
"77","鱼肉别做老一套，试试一个创意新吃法，出锅真香，孩子忍不住添饭","https://www.douguo.com/caidan/8805284.html","https://cp1.douguo.com/upload/caiku/2/3/9/400x266_23b69744189ed596a23bedcb09208c29.jpeg","6道菜谱"
"78","秋季养生别错过这“四大名补”","https://www.douguo.com/caidan/8805274.html","https://cp1.douguo.com/upload/caiku/7/3/1/400x266_730f033d899586ee4b84f313862fa431.jpg","6道菜谱"
"79","体重持续下降竟是因为它！","https://www.douguo.com/caidan/8805250.html","https://cp1.douguo.com/upload/caiku/e/6/d/400x266_e60775bc62ddba33f079deba6cd85c8d.jpeg","6道菜谱"
"80","这些养生汤，谁喝谁年轻","https://www.douguo.com/caidan/8805236.html","https://cp1.douguo.com/upload/caiku/f/9/6/400x266_f9e2f669f6f1c2e16d98f4538b1490c6.jpeg","6道菜谱"
"81","简单懒人菜，打败周一综合征","https://www.douguo.com/caidan/8805214.html","https://cp1.douguo.com/upload/caiku/7/6/e/400x266_761a36129edc1d0d94f7d631b335afce.jpeg","8道菜谱"
"82","技巧|20招厨房技巧，看完一秒变大厨，牢牢拴住他（她）的胃！","https://www.douguo.com/caidan/8803120.html","https://cp1.douguo.com/upload/caiku/e/8/b/400x266_e84cda1a683548fa7a3174a5baae8fab.JPG","5道菜谱"
"83","名厨大伯的小灶，吃过一次便终身难忘，不愧称为一碗香！","https://www.douguo.com/caidan/8803117.html","https://cp1.douguo.com/upload/caiku/b/5/e/400x266_b52e72cd0e729942aee7df413b9b401e.jpg","5道菜谱"
"84","生姜放久了总是坏？轻松1个小妙招，放半年不干瘪不腐烂！","https://www.douguo.com/caidan/8803114.html","https://cp1.douguo.com/upload/caiku/a/0/d/400x266_a0c2a5169d38de05a7871c307b2a2f6d.jpg","5道菜谱"
"85","吃螃蟹时，牢记“这4个”部位万万不能吃，看完长见识了！","https://www.douguo.com/caidan/8803112.html","https://cp1.douguo.com/upload/caiku/b/c/3/400x266_bc3041e4c08170aeed8118b763d11563.jpg","5道菜谱"
"86","枸杞泡水喝真的没营养？原来这么多年我都吃错了！","https://www.douguo.com/caidan/8803110.html","https://cp1.douguo.com/upload/caiku/b/e/7/400x266_be70242f281b98d281dd08c7ab369087.jpg","5道菜谱"
"87","男人最怕的4种食物，要尽量少吃，可惜我老公偏爱吃！","https://www.douguo.com/caidan/8803108.html","https://cp1.douguo.com/upload/caiku/c/7/2/400x266_c7dfb2639579ec5a87d8b537024a2f62.jpg","5道菜谱"
"88","炒粉条时总炒成团？多加这一步，粉条根根分明！","https://www.douguo.com/caidan/8803105.html","https://cp1.douguo.com/upload/caiku/1/b/a/400x266_1b03b76c9ed5ce481bc2fda197229fda.jpeg","5道菜谱"
"89","感冒了，这几个食疗方法，或许能让你好得更快！","https://www.douguo.com/caidan/8803104.html","https://cp1.douguo.com/upload/caiku/4/5/7/400x266_45ed895374314bab0c211d26bba888d7.jpeg","5道菜谱"
"90","花生虽好，却变成了“催命符”","https://www.douguo.com/caidan/8803101.html","https://cp1.douguo.com/upload/caiku/3/a/7/400x266_3a1b8f279c0787496295a858d10d3427.jpeg","6道菜谱"
"91","上班族食谱：一周午饭不重样！","https://www.douguo.com/caidan/8803099.html","https://cp1.douguo.com/upload/caiku/a/2/c/400x266_a2db4ee11727e159a86d978ee98345cc.jpg","6道菜谱"
"92","揭秘|隔夜饭为何更好吃？","https://www.douguo.com/caidan/8803094.html","https://cp1.douguo.com/upload/caiku/6/f/1/400x266_6fc87f539da51f141fdb878137039631.jpg","6道菜谱"
"93","几道美味HOLD住周末味蕾！","https://www.douguo.com/caidan/8803076.html","https://cp1.douguo.com/upload/caiku/5/1/4/400x266_5125e585ca9d6439e6a809074554b6e4.jpg","8道菜谱"
"94","面包你真的吃对了么，这结果我真没想到......","https://www.douguo.com/caidan/8800133.html","https://cp1.douguo.com/upload/caiku/e/7/3/400x266_e7ba527d1f6deb61267d8ac43144eca3.jpg","5道菜谱"
"95","这几款食疗是养肺“好帮手”，几天吃一次，让肺多用20年！","https://www.douguo.com/caidan/8800120.html","https://cp1.douguo.com/upload/caiku/3/0/e/400x266_30a65255ef61f1e75f16c949c156e80e.jpg","5道菜谱"
"96","金针菇怎么做才能吃出麻辣烫的感觉？食材少，简单易学，重口味入","https://www.douguo.com/caidan/8800117.html","https://cp1.douguo.com/upload/caiku/a/8/b/400x266_a8ac65dd8c9e386a6bb2017d1401da4b.jpg","5道菜谱"
"97","一个月就能吃出水蛇腰!","https://www.douguo.com/caidan/8800028.html","https://cp1.douguo.com/upload/caiku/a/d/8/400x266_ad7e6f66fb6079ba16dc330cbb284c98.jpeg","6道菜谱"
"98","干货丨如何成为一个万人迷？","https://www.douguo.com/caidan/8799973.html","https://cp1.douguo.com/upload/caiku/1/b/2/400x266_1ba37bcfbce5bf1b983fd31d9d2ad522.jpeg","6道菜谱"
"99","5分钟做不完早餐算我输！","https://www.douguo.com/caidan/8799967.html","https://cp1.douguo.com/upload/caiku/1/2/d/400x266_12abe681dd32f85f1523846c5f9e791d.jpg","6道菜谱"
"100","9月2日 • 今天吃什么","https://www.douguo.com/caidan/8799462.html","https://cp1.douguo.com/upload/caiku/9/8/d/400x266_98270b05461365d1ed6ff6a18a406ded.jpeg","32道菜谱"
"101","9月1日 • 今天吃什么","https://www.douguo.com/caidan/8799448.html","https://cp1.douguo.com/upload/caiku/7/a/d/400x266_7ad3041b0c628211905fb72fe70a92cd.jpg","32道菜谱"
"102","8月美食图鉴，你上榜了吗？","https://www.douguo.com/caidan/8799322.html","https://cp1.douguo.com/upload/caiku/6/a/7/400x266_6a8db9af82a1cb11af3a78133e4f9347.jpg","30道菜谱"
"103","牙痛怎么办，99%的人都不知道的食补配方！","https://www.douguo.com/caidan/8797109.html","https://cp1.douguo.com/upload/caiku/5/7/a/400x266_57bbea5ec5895f67bbfad7dc79840a2a.jpg","5道菜谱"
"104","忘掉牛奶鸡蛋，我家秋季补脑全靠它！","https://www.douguo.com/caidan/8796948.html","https://cp1.douguo.com/upload/caiku/b/8/7/400x266_b8ab0b5b705e9a0324417fa2e3b77af7.jpg","5道菜谱"
"105","老妈三高多年，全靠这些最有效的食补方式降糖、降压、降血脂！","https://www.douguo.com/caidan/8796861.html","https://cp1.douguo.com/upload/caiku/3/2/2/400x266_32afdb4de1ab39b23465b4f12aacf812.jpg","6道菜谱"
"106","终极羊肉汤配方，千万别乱炖，按照我的步骤来，汤白肉烂没膻味！","https://www.douguo.com/caidan/8796762.html","https://cp1.douguo.com/upload/caiku/8/7/b/400x266_877a6588a9a10789549fe68406fca99b.jpg","5道菜谱"
"107","早餐","https://www.douguo.com/caidan/8796642.html","https://cp1.douguo.com/upload/caiku/f/6/a/400x266_f65bdd0f527dd8f66cc4f7fd222413ba.jpeg","34道菜谱"
"108","8月31日 • 今天吃什么","https://www.douguo.com/caidan/8796500.html","https://cp1.douguo.com/upload/caiku/4/4/d/400x266_4449552234dbc10940cadee47fe6488d.jpg","33道菜谱"
"109","8月30日 • 今天吃什么","https://www.douguo.com/caidan/8796422.html","https://cp1.douguo.com/upload/caiku/e/2/c/400x266_e235d52349b1c800c40b38821acfb98c.jpeg","32道菜谱"
"110","这菜做起来容易，吃起来上瘾！","https://www.douguo.com/caidan/8796260.html","https://cp1.douguo.com/upload/caiku/c/3/c/400x266_c3d74b9bf21d63fc6f4213e8c0ad931c.jpeg","8道菜谱"
"111","用ta做一碗肥宅快乐面，巴适滴很~","https://www.douguo.com/caidan/8796074.html","https://cp1.douguo.com/upload/caiku/c/b/e/400x266_cbde10cf01ecac363cc41472e23bf67e.jpeg","4道菜谱"
"112","万万没想到，人人都成了吸血鬼！","https://www.douguo.com/caidan/8795880.html","https://cp1.douguo.com/upload/caiku/9/5/0/400x266_951d93259983ef30cbc115a0a21fa930.jpg","6道菜谱"
"113","你还在外面喝长毛的奶茶？要喝赶紧回家做！","https://www.douguo.com/caidan/8794884.html","https://cp1.douguo.com/upload/caiku/1/0/6/400x266_1088aaa8defa1de44615c25c2ef6bf46.JPG","6道菜谱"
"114","怎么做豆干好吃10倍，加它就可以了！","https://www.douguo.com/caidan/8794743.html","https://cp1.douguo.com/upload/caiku/e/e/a/400x266_eebb31551f4d84812d9098620f186cea.jpeg","6道菜谱"
"115","没想到空心菜最下饭的做法竟然是它……","https://www.douguo.com/caidan/8794699.html","https://cp1.douguo.com/upload/caiku/d/2/b/400x266_d2999f5c567e8edefbf90957d24ba11b.jpeg","5道菜谱"
"116","又到开学季，99%的家长靠这些给孩子进补，健脑明目补脾胃，我家宝贝超喜欢！","https://www.douguo.com/caidan/8794651.html","https://cp1.douguo.com/upload/caiku/e/b/8/400x266_ebddec60ddd74f96e45e36c229e2de88.jpg","5道菜谱"
"117","30年厨师长告诉我，煎带鱼时，这一步才是关键，做好了，鱼皮不破肉更嫩!","https://www.douguo.com/caidan/8794576.html","https://cp1.douguo.com/upload/caiku/b/d/8/400x266_bd10bffbcc21427b975bd349e6d72be8.jpg","6道菜谱"
"118","外婆的家传炖骨秘方，超鲜！","https://www.douguo.com/caidan/8793691.html","https://cp1.douguo.com/upload/caiku/a/1/1/400x266_a1201d27e4e08b634f3cba5a9b5cec81.jpg","6道菜谱"
"119","零食界的“扛把子”我就服它！","https://www.douguo.com/caidan/8793631.html","https://cp1.douguo.com/upload/caiku/1/d/f/400x266_1df9b6aea64b2a6ab33b3cd54f7138cf.jpg","6道菜谱"
"120","秋风起，秋燥到！今天送你几道养肺食疗……","https://www.douguo.com/caidan/8793284.html","https://cp1.douguo.com/upload/caiku/d/e/7/400x266_ded9b5417a7248c9e3ac7350c17b7ed7.jpeg","6道菜谱"
"121","为什么吃了这么久的粗粮，我的身体却越吃越糟糕！","https://www.douguo.com/caidan/8791487.html","https://cp1.douguo.com/upload/caiku/6/7/e/400x266_67437c26f4d1ec19a314d1516bea83ee.jpeg","6道菜谱"
"122","一日三餐的健康食谱，来看吧！","https://www.douguo.com/caidan/8791367.html","https://cp1.douguo.com/upload/caiku/4/8/7/400x266_48f8b61cc1cb2c0c1924b48dd4eb1457.jpeg","6道菜谱"
"123","越吃越健康，你想试试吗？","https://www.douguo.com/caidan/8791366.html","https://cp1.douguo.com/upload/caiku/4/8/7/400x266_48f8b61cc1cb2c0c1924b48dd4eb1457.jpeg","6道菜谱"
"124","一秒征服我的几碗炒饭!","https://www.douguo.com/caidan/8791254.html","https://cp1.douguo.com/upload/caiku/8/1/d/400x266_81182757df72a4de76a3ac9c2a37094d.jpeg","8道菜谱"
"125","8月29日 • 今天吃什么","https://www.douguo.com/caidan/8791249.html","https://cp1.douguo.com/upload/caiku/3/4/b/400x266_34d14924c44076ccc98c281720441c5b.jpg","35道菜谱"
"126","8月29日 • 今天吃什么","https://www.douguo.com/caidan/8791191.html","https://cp1.douguo.com/upload/caiku/a/f/2/400x266_afb1fff1fe282f69d5f071976b6aabd2.jpeg","35道菜谱"
"127","不辣的也能叫川菜？","https://www.douguo.com/caidan/8790670.html","https://cp1.douguo.com/upload/caiku/c/0/a/400x266_c0381c295ae483f4d60e9c8e5587b56a.jpeg","6道菜谱"
"128","秋季必吃清单，款款深得我心！","https://www.douguo.com/caidan/8790630.html","https://cp1.douguo.com/upload/caiku/f/0/d/400x266_f0c71f5a2c0649b4d0728e08cc673d9d.jpeg","6道菜谱"
"129","这些饮食谣言，骗了我30年！","https://www.douguo.com/caidan/8790582.html","https://cp1.douguo.com/upload/caiku/3/c/3/400x266_3c1fe28d38e1b7f473521be591e6ba43.jpg","5道菜谱"
"130","有了这个饼，蛋糕面包都靠边站，我家一周至少做两次！","https://www.douguo.com/caidan/8790433.html","https://cp1.douguo.com/upload/caiku/7/7/6/400x266_7747d5c2debd786cff92b043f135dcb6.jpg","5道菜谱"
"131","铁锅炒菜可以补血？吃红色食物能补铁？别再被骗了，这些都是误区","https://www.douguo.com/caidan/8790411.html","https://cp1.douguo.com/upload/caiku/4/8/7/400x266_48f8b61cc1cb2c0c1924b48dd4eb1457.jpeg","5道菜谱"
"132","都说酸奶补钙又减肥，我做错了什么，喝了一个月竟胖了10斤！","https://www.douguo.com/caidan/8790382.html","https://cp1.douguo.com/upload/caiku/9/d/4/400x266_9d88bca02dab15289467bfb1d41fb0c4.jpg","5道菜谱"
"133","别再被骗了!这几种所谓的健康食品,真的会越吃越胖!","https://www.douguo.com/caidan/8790356.html","https://cp1.douguo.com/upload/caiku/f/e/5/400x266_fe4e9e0b0326ad928a3b577ae9c3f325.jpg","5道菜谱"
"134","立秋后，最该给孩子喝这汤，5块钱煮一碗，化痰止咳又润肺！","https://www.douguo.com/caidan/8790330.html","https://cp1.douguo.com/upload/caiku/3/7/9/400x266_374a5c789666935bbb12bb89b29c4d09.jpg","6道菜谱"
"135","吃了才知道扁豆和它是绝配，北方不多见，新吃法后悔才知道！","https://www.douguo.com/caidan/8790302.html","https://cp1.douguo.com/upload/caiku/d/6/8/400x266_d62998022cb4ed6586fa1a9c06c17c48.jpeg","5道菜谱"
"136","1块钱一斤！却被誉为天然“养胃菜”,平时是我小瞧它了！","https://www.douguo.com/caidan/8790048.html","https://cp1.douguo.com/upload/caiku/0/8/9/400x266_085c166a79e78f4d250817e1af01f499.jpg","5道菜谱"
"137","听说有人扬言不怕辣，快来试试我的这份推荐，保准让你辣的过瘾！","https://www.douguo.com/caidan/8789987.html","https://cp1.douguo.com/upload/caiku/d/f/d/400x266_dfb5fab4be889037dd791974d95cae0d.jpg","5道菜谱"
"138","轻松搞定一顿饭，巴适！","https://www.douguo.com/caidan/8789735.html","https://cp1.douguo.com/upload/caiku/e/9/1/400x266_e93122cb921ee3d10778d5e8beb31601.jpeg","8道菜谱"
"139","十二星座开运菜，你吃对了吗","https://www.douguo.com/caidan/8789725.html","https://cp1.douguo.com/upload/caiku/3/a/8/400x266_3aaca8fe7bee55e57247c4eb0b2c0288.jpg","6道菜谱"
"140","这些食物让我吃成了黑妹！","https://www.douguo.com/caidan/8789723.html","https://cp1.douguo.com/upload/caiku/6/2/4/400x266_62f7ab1a9a5be5bdea7f954c9dd4b384.jpg","6道菜谱"
"141","这几种食物，你家我家厨房都有，可吃错了真容易要命！","https://www.douguo.com/caidan/8789719.html","https://cp1.douguo.com/upload/caiku/0/9/2/400x266_0934e0aafa0c5a964fb1620d518fbc32.jpg","6道菜谱"
"142","8月28日 • 今天吃什么","https://www.douguo.com/caidan/8789712.html","https://cp1.douguo.com/upload/caiku/1/2/c/400x266_125902cf01bd20a178bbd540b127cecc.jpeg","36道菜谱"
"143","说出来你都不信，我的好皮肤是这样吃出来的","https://www.douguo.com/caidan/8789599.html","https://cp1.douguo.com/upload/caiku/7/9/d/400x266_797920efcdf77d06e662f8feba15af9d.jpeg","5道菜谱"
"144","老妈告诉我，红烧肉必须这样做，只用这一招，肥而不腻一抿即化！","https://www.douguo.com/caidan/8789586.html","https://cp1.douguo.com/upload/caiku/d/d/b/400x266_dd5659c89bc3b95a02615d28db89728b.jpg","6道菜谱"
"145","身体都在抗议了，这些养生小常识，别说你还不知道！","https://www.douguo.com/caidan/8788137.html","https://cp1.douguo.com/upload/caiku/4/7/e/400x266_478807b3ab6778121d3682414a799a7e.jpg","5道菜谱"
"146","花样吃豆腐,好吃胜过肉","https://www.douguo.com/caidan/8788086.html","https://cp1.douguo.com/upload/caiku/3/6/d/400x266_369edef9041dd965aa08fb56de42313d.jpg","5道菜谱"
"147","这么做，苦瓜不苦，上桌就抢光！","https://www.douguo.com/caidan/8788045.html","https://cp1.douguo.com/upload/caiku/b/8/4/400x266_b8e163492c23a0f66922b45619e984d4.jpg","6道菜谱"
"148","听我的，美味大菜就酱做！","https://www.douguo.com/caidan/8788006.html","https://cp1.douguo.com/upload/caiku/d/1/6/400x266_d140741fd02753e289893b0aacd18d06.jpg","4道菜谱"
"149","精致女生们的必备零食，测测你的吃货等级，都爱吃你就厉害了！","https://www.douguo.com/caidan/8787946.html","https://cp1.douguo.com/upload/caiku/9/2/7/400x266_9250348c39659df564131ba139336887.jpg","5道菜谱"
"150","在7044人次的帮助下，我总结出的完美鸡蛋羹做法，现在偷偷告诉你！","https://www.douguo.com/caidan/8787611.html","https://cp1.douguo.com/upload/caiku/e/b/2/400x266_eb54a1daa2c2acb8756bc64d24886f92.jpeg","5道菜谱"
"151","这些无油菜，敞开肚子随便吃","https://www.douguo.com/caidan/8787390.html","https://cp1.douguo.com/upload/caiku/d/2/d/400x266_d225684d5fedcc36f01a0dd5e2485bcd.jpeg","8道菜谱"
"152","保质期原来不“保质”？！！","https://www.douguo.com/caidan/8787197.html","https://cp1.douguo.com/upload/caiku/f/c/5/400x266_fcecfb7a6ce31d7a11974136ce8a72c5.jpg","6道菜谱"
"153","秋天瘦成“闪电”全靠它！","https://www.douguo.com/caidan/8787141.html","https://cp1.douguo.com/upload/caiku/1/a/6/400x266_1a7a583302f2228ac74bdb82b3cc8216.jpg","6道菜谱"
"154","一吃就戒不掉的油炸美味","https://www.douguo.com/caidan/8787123.html","https://cp1.douguo.com/upload/caiku/e/7/c/400x266_e7875ac33ec99869ff870b31dbebf9dc.jpeg","6道菜谱"
"155","8月27日 • 今天吃什么","https://www.douguo.com/caidan/8787121.html","https://cp1.douguo.com/upload/caiku/8/0/5/400x266_802ebcc1345042bf961c61fe99285ec5.jpg","36道菜谱"
"156","快要跌落“神坛”的民间小吃，好多我都没吃过，真是太可惜了！","https://www.douguo.com/caidan/8786975.html","https://cp1.douguo.com/upload/caiku/a/e/2/400x266_aee1af66b61f0eaaa557b4d1a9f58ef2.jpeg","5道菜谱"
"157","50%以上的人，不知道微波炉除了加热饭菜，还能这么用","https://www.douguo.com/caidan/8786960.html","https://cp1.douguo.com/upload/caiku/c/5/a/400x266_c57c716f97e64d66b30b5d6ec00380fa.jpg","5道菜谱"
"158","99%的人只知道用微波炉加热，简直太浪费，我跟他们可不一样！","https://www.douguo.com/caidan/8786959.html","https://cp1.douguo.com/upload/caiku/c/5/a/400x266_c57c716f97e64d66b30b5d6ec00380fa.jpg","5道菜谱"
"159","炒蒜薹直接炒竟是大错特错！新学了一招，加了这一步蒜苔脆爽又入味","https://www.douguo.com/caidan/8786874.html","https://cp1.douguo.com/upload/caiku/5/9/b/400x266_59d551b3d1bf35d79501af5441394cbb.jpg","5道菜谱"
"160","我把它当裹腹之食，它却成了我的“清道夫”！","https://www.douguo.com/caidan/8786858.html","https://cp1.douguo.com/upload/caiku/2/e/a/400x266_2e2f823193b30abcb6472fd14856191a.jpg","5道菜谱"
"161","炸土豆时，有人浸泡有人裹粉？都做错了好吗，我这才是正确方法!","https://www.douguo.com/caidan/8786845.html","https://cp1.douguo.com/upload/caiku/d/c/a/400x266_dc76925126e64dee5c3f05d4bd2dfb2a.jpg","5道菜谱"
"162","吃了半辈子鸡蛋，这种做法还是第一次见，好吃到飞起！","https://www.douguo.com/caidan/8786809.html","https://cp1.douguo.com/upload/caiku/6/a/7/400x266_6a648fb7374f38a90c9c17ce25fdc447.jpg","5道菜谱"
"163","5种比奶茶还上瘾的“神搭配”，减肥也拦不住我","https://www.douguo.com/caidan/8786360.html","https://cp1.douguo.com/upload/caiku/3/b/c/400x266_3bd31aebdc96bda7b29407c37db66f3c.jpg","5道菜谱"
"164","去虾线太麻烦?吃了20多年的虾，才知道这三招去虾线最简单、最干净","https://www.douguo.com/caidan/8786309.html","https://cp1.douguo.com/upload/caiku/a/7/e/400x266_a767ae253e2704300410c7a8551f275e.jpeg","5道菜谱"
"165","8月26日 • 今天吃什么","https://www.douguo.com/caidan/8781479.html","https://cp1.douguo.com/upload/caiku/8/2/8/400x266_82b57305d8d11305da31bebe6117c028.jpeg","36道菜谱"
"166","是谁逼你吃了这么多蛋！","https://www.douguo.com/caidan/8781414.html","https://cp1.douguo.com/upload/caiku/f/b/d/400x266_fb043d47759592bcb9aeba33562fcc3d.jpg","6道菜谱"
"167","速食秒变大餐，我的秘诀是.......","https://www.douguo.com/caidan/8781408.html","https://cp1.douguo.com/upload/caiku/d/8/c/400x266_d8904083a8457a7bd87afbe8e113a38c.jpeg","6道菜谱"
"168","黑色星期一，全靠它拯救！","https://www.douguo.com/caidan/8781354.html","https://cp1.douguo.com/upload/caiku/5/0/3/400x266_50b98218fc444a9d9fd752601d0bde43.jpg","8道菜谱"
"169","万恶的周一，我要吃掉你！","https://www.douguo.com/caidan/8781353.html","https://cp1.douguo.com/upload/caiku/5/0/3/400x266_50b98218fc444a9d9fd752601d0bde43.jpg","8道菜谱"
"170","不想买到催熟西红柿？老菜农手把手教你挑，又大又红还多汁！","https://www.douguo.com/caidan/8781194.html","https://cp1.douguo.com/upload/caiku/4/8/b/400x266_480ba55758b3e1bb32ca1b551027cefb.jpeg","5道菜谱"
"171","吃了20多年炒饭，才发现这种做法最好吃，美味炒饭好吃有诀窍！","https://www.douguo.com/caidan/8781169.html","https://cp1.douguo.com/upload/caiku/0/1/8/400x266_01df35cf2bace871f2b45542b1da3a68.jpg","5道菜谱"
"172","我这样治头秃，老中医都服气！","https://www.douguo.com/caidan/8781166.html","https://cp1.douguo.com/upload/caiku/c/4/1/400x266_c4f7637528b961fff5c11dc06ef6a9f1.jpg","6道菜谱"
"173","鸡肉直接下锅炒？难怪不香还发腥，大厨教我的正确做法想学吗？","https://www.douguo.com/caidan/8781135.html","https://cp1.douguo.com/upload/caiku/e/4/2/400x266_e4c8d1556e2bf900cc92c5351e9d43c2.jpg","5道菜谱"
"174","邻居爬窗也要学的做酱秘方！","https://www.douguo.com/caidan/8781093.html","https://cp1.douguo.com/upload/caiku/e/4/4/400x266_e427318b7a772e9ce5b18f6ae9ca1cb4.jpg","6道菜谱"
"175","适合新手做的创新菜，2块钱就能做香喷喷的晚餐，拿肉我都不换！","https://www.douguo.com/caidan/8781091.html","https://cp1.douguo.com/upload/caiku/f/4/1/400x266_f4cd9b8c2db6a6e390f8a9cfd5587da1.jpg","5道菜谱"
"176","菜买太多吃不完咋办？用这招，半个月过去了家人还抢着吃！","https://www.douguo.com/caidan/8781073.html","https://cp1.douguo.com/upload/caiku/e/3/3/400x266_e37c9b4dc09d73d064eb2710ef49b6b3.jpg","5道菜谱"
"177","邻居爬窗也要学的做酱秘方","https://www.douguo.com/caidan/8781061.html","https://cp1.douguo.com/upload/caiku/9/8/0/400x266_989a63759b9dcc0508445d2519169f20.jpg","6道菜谱"
"178","天大地大，这样吃胃口最大！","https://www.douguo.com/caidan/8781036.html","https://cp1.douguo.com/upload/caiku/e/f/9/400x266_ef31aaaf32c44a89a8c0b61de90c71a9.jpeg","8道菜谱"
"179","天天吃香蕉还便秘，看来是我看错它了！","https://www.douguo.com/caidan/8781011.html","https://cp1.douguo.com/upload/caiku/3/7/1/400x266_3713816917911e5df2800bc24aeedc41.jpg","5道菜谱"
"180","老婆最近迷上了一部剧，我来想想怎么给她美食中的“小欢喜”！","https://www.douguo.com/caidan/8780929.html","https://cp1.douguo.com/upload/caiku/8/b/b/400x266_8b1a8cb53178f82f39152b8e79045a9b.jpg","5道菜谱"
"181","晒晒我家周末的午餐，40块钱吃到扶墙，有个会做饭的老公真好！","https://www.douguo.com/caidan/8780840.html","https://cp1.douguo.com/upload/caiku/1/5/7/400x266_15916dcd3d8fa96c2c821b46b9b02cf7.jpeg","6道菜谱"
"182","不会选红酒，快来看看我的选酒攻略！","https://www.douguo.com/caidan/8780817.html","https://cp1.douguo.com/upload/caiku/f/a/c/400x266_fa8fc74e5cc862468a4ced8e01cf1adc.jpg","6道菜谱"
"183","再没有比这种方式泡腐竹更快更干净的了！","https://www.douguo.com/caidan/8780784.html","https://cp1.douguo.com/upload/caiku/e/1/9/400x266_e1d958dc325416440ba5833300f53c29.jpg","6道菜谱"
"184","煎带鱼，裹淀粉是大错特错！奶奶告诉我这样做才能肉嫩皮不破！","https://www.douguo.com/caidan/8778689.html","https://cp1.douguo.com/upload/caiku/5/8/0/400x266_589b650dd65990b7a797c2560c00d550.jpg","5道菜谱"
"185","吃东西有这些坏习惯，得癌症概率翻10倍，我先收藏了！","https://www.douguo.com/caidan/8778655.html","https://cp1.douguo.com/upload/caiku/5/f/7/400x266_5f095d432d8392a94ee550a3665619a7.jpg","5道菜谱"
"186","悄悄告诉你，给老公滋补我全靠它！","https://www.douguo.com/caidan/8778609.html","https://cp1.douguo.com/upload/caiku/2/b/0/400x266_2b7b63f4a5b637edfe47a6ef17e8bd20.jpg","6道菜谱"
"187","这些食物，越新鲜越不能吃！","https://www.douguo.com/caidan/8778577.html","https://cp1.douguo.com/upload/caiku/5/b/7/400x266_5b3ec1e2892b0b370ba41eb0c5f82247.jpeg","6道菜谱"
"188","炒了这么多年的菜，我才发现一直在害家里人！","https://www.douguo.com/caidan/8778575.html","https://cp1.douguo.com/upload/caiku/8/9/d/400x266_898b5c621ba8e0e502cefed62795239d.jpeg","5道菜谱"
"189","最润肺的它怎么还无人问津！","https://www.douguo.com/caidan/8778573.html","https://cp1.douguo.com/upload/caiku/b/1/f/400x266_b10183e295f68028dc50375fcce2638f.jpeg","6道菜谱"
"190","这才是周末应该吃的菜！","https://www.douguo.com/caidan/8778564.html","https://cp1.douguo.com/upload/caiku/7/d/5/400x266_7d9abeef73634c0e2b0046e101bc0cc5.jpeg","8道菜谱"
"191","被骗了！这些竟然是披着「健康」外衣的垃圾食品","https://www.douguo.com/caidan/8778508.html","https://cp1.douguo.com/upload/caiku/f/e/2/400x266_fe715897b3b58ad1b1770f19ca936002.jpg","5道菜谱"
"192","初秋我最爱给家人做这个！比起肉，它的含硒量更高更便宜！","https://www.douguo.com/caidan/8777547.html","https://cp1.douguo.com/upload/caiku/4/6/1/400x266_460225883555ced1b099fb7ef0f24c11.jpeg","5道菜谱"
"193","肉都涨价了，吃了能让身体更强壮的它价格竟然还如此亲民！","https://www.douguo.com/caidan/8777415.html","https://cp1.douguo.com/upload/caiku/9/0/1/400x266_903977d70a7d314baface88bba579491.jpeg","5道菜谱"
"194","处暑过后，这菜千万记得给家人做，大鱼大肉都不如它！","https://www.douguo.com/caidan/8775105.html","https://cp1.douguo.com/upload/caiku/e/a/c/400x266_ea0e2f5eefcc4d25c8ddaf88d11b40ac.jpg","5道菜谱"
"195","世界“饺子争霸赛”，我赌它C位出道！","https://www.douguo.com/caidan/8775078.html","https://cp1.douguo.com/upload/caiku/a/2/8/400x266_a265f41ef10d5713153a6c51a73ac2f8.jpeg","6道菜谱"
"196","东北人、四川人、广东人同时邀请我，今晚我该去谁家吃？","https://www.douguo.com/caidan/8775044.html","https://cp1.douguo.com/upload/caiku/9/e/f/400x266_9e685d63447cb882033f1a4c1134443f.jpeg","5道菜谱"
"197","5个因为失误而诞生的美食，竟然每一个都成了经典！","https://www.douguo.com/caidan/8774979.html","https://cp1.douguo.com/upload/caiku/1/0/b/400x266_10c73726ee3975666e9ac871e6a9e89b.jpeg","5道菜谱"
"198","老公不“出轨”，我全靠它！","https://www.douguo.com/caidan/8774878.html","https://cp1.douguo.com/upload/caiku/1/6/e/400x266_169e5bddeae2ae99850cb35913ac45ae.jpg","6道菜谱"
"199","喝什么最解辣?白开水居然是垫底,真正解辣的是这些!","https://www.douguo.com/caidan/8774851.html","https://cp1.douguo.com/upload/caiku/a/5/c/400x266_a51d540e7fa6670c3c1ef94862427c8c.jpeg","5道菜谱"
"200","午餐一周七天都没重样，我果断卸载了所有外卖软件","https://www.douguo.com/caidan/8774772.html","https://cp1.douguo.com/upload/caiku/3/7/6/400x266_37807a80b422c5a8b5756e5de94ff8a6.jpg","5道菜谱"
"201","冤枉！我真的没酒驾，只是晚上吃了它们！","https://www.douguo.com/caidan/8774692.html","https://cp1.douguo.com/upload/caiku/9/3/4/400x266_933eb0f034b540404798a50d2614e494.jpeg","5道菜谱"
"202","剩牛奶倒掉？这蠢事别做了！","https://www.douguo.com/caidan/8774681.html","https://cp1.douguo.com/upload/caiku/1/3/a/400x266_13c53e90f4694b2999594e51c0289b9a.jpg","6道菜谱"
"203","8月25日 • 今天吃什么","https://www.douguo.com/caidan/8774617.html","https://cp1.douguo.com/upload/caiku/2/b/7/400x266_2b46749e78ddb3653a2851a56602e487.jpg","36道菜谱"
"204","止咳只用5分钟，快来学！","https://www.douguo.com/caidan/8774509.html","https://cp1.douguo.com/upload/caiku/d/2/b/400x266_d23cbf1672ef7fe9b243f6052827140b.jpg","6道菜谱"
"205","8月24日 • 今天吃什么","https://www.douguo.com/caidan/8774179.html","https://cp1.douguo.com/upload/caiku/6/8/a/400x266_68b88ccd75028f94006628faa8b9811a.jpeg","36道菜谱"
"206","这些人的故事，深夜慎看！","https://www.douguo.com/caidan/8774127.html","https://cp1.douguo.com/upload/caiku/2/7/0/400x266_27e37d65802acf5657018a43271825d0.jpg","6道菜谱"
"207","8月23日 • 今天吃什么","https://www.douguo.com/caidan/8774080.html","https://cp1.douguo.com/upload/caiku/9/b/c/400x266_9b834109db3646ca20bc2be503510bcc.jpg","36道菜谱"
"208","姨妈期食量翻倍的我竟然还瘦了，多亏这些排血排毒的神器","https://www.douguo.com/caidan/8773920.html","https://cp1.douguo.com/upload/caiku/1/c/8/400x266_1c78bdeab8754234fabad9b2e1d1ec88.jpeg","6道菜谱"
"209","8万顿饭，要怎么吃？","https://www.douguo.com/caidan/8773913.html","https://cp1.douguo.com/upload/caiku/8/1/6/400x266_815b34a6a6c3abc6a4cdece11c9b7bc6.jpeg","8道菜谱"
"210","鸡肉不要直接炒，教你一种做法，肉嫩且香而不腻，连汤汁都能喝光","https://www.douguo.com/caidan/8773847.html","https://cp1.douguo.com/upload/caiku/9/0/1/400x266_903977d70a7d314baface88bba579491.jpeg","5道菜谱"
"211","不会这招，你做饭肯定难吃！","https://www.douguo.com/caidan/8773718.html","https://cp1.douguo.com/upload/caiku/e/6/4/400x266_e6cda2e89e4812979f39138ecac01454.png","6道菜谱"
"212","一蒸鱼家人就觉得腥、不爱吃饭，原来是我忽略了这个重要的步骤","https://www.douguo.com/caidan/8773673.html","https://cp1.douguo.com/upload/caiku/1/c/9/400x266_1c0022b2bd98914867c6971e0fa2ca39.jpg","5道菜谱"
"213","中国人不稀罕的菜，在美国卖的比肉还贵，一斤20元还供不应求，我好像找到了致富的道路！","https://www.douguo.com/caidan/8773631.html","https://cp1.douguo.com/upload/caiku/6/6/2/400x266_66b1ce7d0fdf84dfeaf3f46e4d803db2.jpeg","5道菜谱"
"214","我做炼乳只需要这两样食材！家家都有，方法简单！","https://www.douguo.com/caidan/8773567.html","https://cp1.douguo.com/upload/caiku/5/7/8/400x266_571deb0b59267d1ad49dccdf939e6d48.jpeg","6道菜谱"
"215","它是我国历史悠久的早餐，却《舌尖》拒绝两次，原因太现实","https://www.douguo.com/caidan/8773553.html","https://cp1.douguo.com/upload/caiku/0/f/7/400x266_0fc2c5b8d977399b662167604ba24057.jpg","5道菜谱"
"216","这些中国美食，只因取个“洋名字”，就骗了我20年","https://www.douguo.com/caidan/8773157.html","https://cp1.douguo.com/upload/caiku/c/4/5/400x266_c4571debc360e66c96c3ccaec6d89a15.jpeg","5道菜谱"
"217","一碗泡面还可以吃出花样？不同年龄吃法大不同，大学生吃法最惨，我可不背这锅？","https://www.douguo.com/caidan/8773097.html","https://cp1.douguo.com/upload/caiku/3/c/5/400x266_3c27f7c1fb00833c1a08d27c1fc7a6c5.jpg","5道菜谱"
"218","从大连老渔民那学来的方法，挑海鲜再也没踩过坑！","https://www.douguo.com/caidan/8770811.html","https://cp1.douguo.com/upload/caiku/1/6/e/400x266_169e5bddeae2ae99850cb35913ac45ae.jpg","6道菜谱"
"219","8月22日 • 今天吃什么","https://www.douguo.com/caidan/8770704.html","https://cp1.douguo.com/upload/caiku/5/b/f/400x266_5beb937518aa5d9f324cecb28a7a747f.jpg","36道菜谱"
"220","生饺子切记不可直接放冰箱！我也是上周才学会，再也不怕饺子粘连了","https://www.douguo.com/caidan/8770619.html","https://cp1.douguo.com/upload/caiku/c/e/3/400x266_ce3fa7544a22c0d9fa3277597b3ce323.jpg","5道菜谱"
"221","明知奶茶似毒药，我却偏爱它！","https://www.douguo.com/caidan/8770581.html","https://cp1.douguo.com/upload/caiku/8/d/c/400x266_8dcd806c0def6c4d27b5e0a917c02bdc.jpg","6道菜谱"
"222","爷爷用了40年的酱牛肉配方，只放8种香料，酱香浓郁，软嫩可口","https://www.douguo.com/caidan/8770370.html","https://cp1.douguo.com/upload/caiku/d/4/0/400x266_d424a20d3e497486235c96e830148ae0.jpg","5道菜谱"
"223","我真不知道，原来吃蒜也有害！","https://www.douguo.com/caidan/8770259.html","https://cp1.douguo.com/upload/caiku/d/2/d/400x266_d225684d5fedcc36f01a0dd5e2485bcd.jpeg","6道菜谱"
"224","番茄炒蛋是先炒鸡蛋还是先炒番茄？这道小白入门菜我竟炒错了20年！","https://www.douguo.com/caidan/8770249.html","https://cp1.douguo.com/upload/caiku/4/1/1/400x266_4180ea2a6cfe167ed0ff0787ca2bcf71.jpeg","5道菜谱"
"225","小笼包的老家竟不是杭州？","https://www.douguo.com/caidan/8769929.html","https://cp1.douguo.com/upload/caiku/0/9/8/400x266_093cc09a6c81dfc2a92239861a761238.jpeg","6道菜谱"
"226","给我一个香菇,为你变出一盘素鲍鱼!","https://www.douguo.com/caidan/8769928.html","https://cp1.douguo.com/upload/caiku/b/a/e/400x266_ba617fd9d8338bc4acc3faf5583173ee.jpg","5道菜谱"
"227","三分钟懒人餐，做饭太简单！","https://www.douguo.com/caidan/8769925.html","https://cp1.douguo.com/upload/caiku/a/f/8/400x266_af12d077288b624e70954f5a4f490f98.jpg","8道菜谱"
"228","精致女孩必看！平价版阿胶来啦！常吃肌肤细腻有光泽，腰围也细了2圈","https://www.douguo.com/caidan/8769872.html","https://cp1.douguo.com/upload/caiku/0/3/a/400x266_032bf56f0d54478ed53dbceb90e3597a.jpeg","6道菜谱"
"229","向往的生活明星菜特辑","https://www.douguo.com/caidan/8768990.html","https://cp1.douguo.com/upload/caiku/5/2/f/400x266_526e49aed7ffe960c1887459a4514fff.jpg","5道菜谱"
"230","吃货注意！老广推荐，广州美食打卡攻略！","https://www.douguo.com/caidan/8767974.html","https://cp1.douguo.com/upload/caiku/a/8/8/400x266_a8216fc5f95b689a6c8eb3d5416628a8.jpg","5道菜谱"
"231","8月21日 • 今天吃什么","https://www.douguo.com/caidan/8767568.html","https://cp1.douguo.com/upload/caiku/4/6/f/400x266_466b3b1f8d059af28df866b3f810698f.jpg","36道菜谱"
"232","吃了30年南瓜，这种做法还第一次见，实在太好吃","https://www.douguo.com/caidan/8767335.html","https://cp1.douguo.com/upload/caiku/e/d/3/400x266_ede05f1fc6d5bbd10ddc839df17fa1b3.jpg","5道菜谱"
"233","比冰箱还好用的保鲜法，我家的豆角放了半年照样新鲜翠绿","https://www.douguo.com/caidan/8767325.html","https://cp1.douguo.com/upload/caiku/a/2/3/400x266_a23cfce148a8c498ef719848a7011f23.jpeg","6道菜谱"
"234","自制五香鹌鹑蛋，多加一种调味料，比买的还好吃，越吃越上瘾","https://www.douguo.com/caidan/8767318.html","https://cp1.douguo.com/upload/caiku/8/7/f/400x266_87f6748bc092c66b0d52a3b901fccb5f.jpg","5道菜谱"
"235","立秋喝粥更养人，去秋燥补脾胃，这几款老少皆宜的粥，我家每天必煮一锅！","https://www.douguo.com/caidan/8767313.html","https://cp1.douguo.com/upload/caiku/c/8/2/400x266_c8549adfb9d8a0242684fce747906362.jpg","5道菜谱"
"236","米饭这样做，我能吃5碗！","https://www.douguo.com/caidan/8767311.html","https://cp1.douguo.com/upload/caiku/c/7/e/400x266_c7ec09766b0aaf6bad8991bc9d87435e.jpeg","8道菜谱"
"237","洋葱虽好，但这些人不能吃！","https://www.douguo.com/caidan/8767306.html","https://cp1.douguo.com/upload/caiku/8/0/3/400x266_80ce6e92355bb1e77c420bdb5435f033.jpeg","6道菜谱"
"238","“谭维维减肥法”真的能瘦吗？","https://www.douguo.com/caidan/8767297.html","https://cp1.douguo.com/upload/caiku/0/7/6/400x266_07ececfa085ee0085705f60b84fd4826.jpeg","6道菜谱"
"239","你家的速食到我家秒变大餐","https://www.douguo.com/caidan/8767291.html","https://cp1.douguo.com/upload/caiku/c/0/1/400x266_c0d1fa087ef741038fce9fb602da2581.jpg","7道菜谱"
"240","洗猪大肠，别再只用盐水洗了！婆婆和饭店厨师学的绝招，腥臭味自动去除！","https://www.douguo.com/caidan/8767288.html","https://cp1.douguo.com/upload/caiku/7/d/e/400x266_7dc744c94682a579eca44f14fd46030e.jpg","6道菜谱"
"241","万万没想到，不让老公喝的啤酒在生活里有这些妙用！","https://www.douguo.com/caidan/8767279.html","https://cp1.douguo.com/upload/caiku/d/2/2/400x266_d26a8e872a149732e1d2a912aa5ddd12.jpeg","6道菜谱"
"242","一做卤蛋，整栋楼都能闻到香味！只是因为我加了这些！","https://www.douguo.com/caidan/8767268.html","https://cp1.douguo.com/upload/caiku/c/d/e/400x266_cd13a96b649526d375b4b6dbee4b25ae.jpeg","6道菜谱"
"243","一酱唤新！脑洞大开吃出新世界～","https://www.douguo.com/caidan/8767066.html","https://cp1.douguo.com/upload/caiku/e/5/c/400x266_e57db47794c7e58f555492fb47a222bc.jpeg","9道菜谱"
"244","8月20日 • 今天吃什么","https://www.douguo.com/caidan/8764689.html","https://cp1.douguo.com/upload/caiku/9/8/d/400x266_98270b05461365d1ed6ff6a18a406ded.jpeg","36道菜谱"
"245","它是“天然阿司匹林”，我家孩子1周吃3次，营养美味身体棒","https://www.douguo.com/caidan/8764491.html","https://cp1.douguo.com/upload/caiku/f/1/b/400x266_f10f144a17fbad9a761af631511159cb.jpg","5道菜谱"
"246","同样的银耳，为什么老妈做的比我好吃，我做错了什么？","https://www.douguo.com/caidan/8764432.html","https://cp1.douguo.com/upload/caiku/e/1/1/400x266_e1fb73be4430071fb1270732757e7241.jpeg","5道菜谱"
"247","花重金买的进口美食，竟和我是老乡？","https://www.douguo.com/caidan/8764400.html","https://cp1.douguo.com/upload/caiku/9/e/b/400x266_9e21ae65c96a2bd1ed26d9bf6172e9fb.JPG","6道菜谱"
"248","脑洞大开的丘比，解锁沙拉酱的花式吃法！","https://www.douguo.com/caidan/8764336.html","https://cp1.douguo.com/upload/caiku/8/0/a/400x266_80ae6d90eed3a3b6f0a26be27425b73a.jpg","10道菜谱"
"249","维生素A是苹果的4倍，补血是红枣的10倍，只需要一洗一煮，超","https://www.douguo.com/caidan/8764332.html","https://cp1.douguo.com/upload/caiku/1/a/3/400x266_1a12a861c57234bb5b9c945e9ed83a63.JPG","5道菜谱"
"250","懒人面食，卷一卷8分钟出锅，比包子好吃，比饺子入味！","https://www.douguo.com/caidan/8764211.html","https://cp1.douguo.com/upload/caiku/0/3/f/400x266_03a4a6d6b9c59985da16e4dd553bd8af.jpeg","5道菜谱"
"251","蒸馒头加了它，香甜绵软味道好，面包都被孩子抛弃了","https://www.douguo.com/caidan/8764108.html","https://cp1.douguo.com/upload/caiku/a/3/4/400x266_a3862e6c1d3a1e93996679cf45c710d4.jpeg","6道菜谱"
"252","立秋之后，遇到这菜千万别错过！比菠菜含钙高，孩子吃了长得快！","https://www.douguo.com/caidan/8764070.html","https://cp1.douguo.com/upload/caiku/0/2/d/400x266_023a905d17f5a177d12bdf83966c413d.jpg","5道菜谱"
"253","吃秋葵不注意这一点，中毒了可别哭","https://www.douguo.com/caidan/8764020.html","https://cp1.douguo.com/upload/caiku/9/b/8/400x266_9b2368189077c4902af3892913c6af48.jpeg","5道菜谱"
"254","鸡蛋差点变毒蛋，我做错了啥？","https://www.douguo.com/caidan/8763986.html","https://cp1.douguo.com/upload/caiku/a/9/8/400x266_a993169ecaf88817babb29c3323f1768.jpeg","6道菜谱"
"255","你扔掉的边角料可能会抗癌？","https://www.douguo.com/caidan/8763863.html","https://cp1.douguo.com/upload/caiku/3/0/f/400x266_30f8799370dae42d7741a4cc957953ff.jpg","9道菜谱"
"256","立秋身体易流汗？补钾是关键！","https://www.douguo.com/caidan/8763792.html","https://cp1.douguo.com/upload/caiku/6/c/3/400x266_6c1072f0ea65f3ccd2f6185531ce2233.jpeg","7道菜谱"
"257","泡菜治秃头？是我小看它了！","https://www.douguo.com/caidan/8763507.html","https://cp1.douguo.com/upload/caiku/e/5/6/400x266_e5c57f0ad768afa2056ac9a634d7b336.jpg","6道菜谱"
"258","喝粥是在养胃？大错特错！","https://www.douguo.com/caidan/8762248.html","https://cp1.douguo.com/upload/caiku/6/c/3/400x266_6c1072f0ea65f3ccd2f6185531ce2233.jpeg","6道菜谱"
"259","多吃这些菜，远离多事之秋！","https://www.douguo.com/caidan/8762240.html","https://cp1.douguo.com/upload/caiku/1/f/c/400x266_1f0608c85e68df2f7fa6c863bbd1215c.jpg","6道菜谱"
"260","南北美食大PK，我看饿了！","https://www.douguo.com/caidan/8762230.html","https://cp1.douguo.com/upload/caiku/c/5/0/400x266_c5ca964d7ed572d441eb1915f1638de0.jpg","6道菜谱"
"261","你真的会贴秋膘吗？","https://www.douguo.com/caidan/8761446.html","https://cp1.douguo.com/upload/caiku/8/2/0/400x266_82a84315445ddff0c155f0324e5053a0.jpeg","8道菜谱"
"262","秋天看见它，不要考虑直接买，牛奶钙片靠边站，孩子常吃长个子","https://www.douguo.com/caidan/8758309.html","https://cp1.douguo.com/upload/caiku/d/0/f/400x266_d09cbf501c68c041bf2495b38f21b14f.jpg","5道菜谱"
"263","吃桃子的时候有很多需要注意的事项和地方，很多人都吃错了","https://www.douguo.com/caidan/8758290.html","https://cp1.douguo.com/upload/caiku/3/4/5/400x266_34b632a25f685ea8be84a56485cbd9a5.jpg","5道菜谱"
"264","想吃酱香饼不用买了，教你在家做，成本不到三块钱，干净又美味","https://www.douguo.com/caidan/8758220.html","https://cp1.douguo.com/upload/caiku/b/9/3/400x266_b91428867ddd3790a7d212d33e4bdec3.jpg","5道菜谱"
"265","不要做！厨房里有4个危险行为","https://www.douguo.com/caidan/8758199.html","https://cp1.douguo.com/upload/caiku/c/3/5/400x266_c3650bd4741dc0b5e818447688dd6585.jpg","5道菜谱"
"266","外国人来中国饭店点了它，却端上来一盆土？","https://www.douguo.com/caidan/8758197.html","https://cp1.douguo.com/upload/caiku/7/6/5/400x266_76e4890bea2b54acd695dcb248d5c185.jpg","5道菜谱"
"267","对胃最好的5种水果，以前不知道，看完可要多吃点！","https://www.douguo.com/caidan/8758192.html","https://cp1.douguo.com/upload/caiku/3/d/7/400x266_3df957cae154cd2b503081bd43b3b177.jpg","5道菜谱"
"268","用豆角包饺子时，用生的好还是焯水好？“这一步”错了饺子不好吃","https://www.douguo.com/caidan/8758190.html","https://cp1.douguo.com/upload/caiku/f/b/2/400x266_fb37dc16ac8842700f138100d3946d82.jpg","5道菜谱"
"269","买了烤箱却一直在闲置着？来试试这些美食，会让你欲罢不能","https://www.douguo.com/caidan/8758185.html","https://cp1.douguo.com/upload/caiku/f/6/4/400x266_f624f331193fdb72d5aaba5af599d0c4.JPG","5道菜谱"
"270","酒桌上的“醒酒菜”就是它，利尿醒酒，可惜知道的人太少！","https://www.douguo.com/caidan/8758181.html","https://cp1.douguo.com/upload/caiku/9/b/d/400x266_9b5004365676bd0938b8a1441798aabd.jpeg","5道菜谱"
"271","5大最脏外卖，却是“点单量”最多？","https://www.douguo.com/caidan/8758179.html","https://cp1.douguo.com/upload/caiku/b/5/2/400x266_b5c07f55450d9c3885257b5d6107dec2.jpg","5道菜谱"
"272","买黄瓜时，挑“直”还是“弯”？多亏老菜农告诫我，买错可有大隐","https://www.douguo.com/caidan/8758178.html","https://cp1.douguo.com/upload/caiku/4/e/f/400x266_4ea2b695bf3c65cb2f7be03a3b32c37f.jpg","5道菜谱"
"273","看了非洲人的菜市场我才明白，他们瘦的原因竟是因为缺中国厨师！","https://www.douguo.com/caidan/8758177.html","https://cp1.douguo.com/upload/caiku/1/a/a/400x266_1a5a6223ea6bbcf838c4f7451b1a06aa.jpeg","5道菜谱"
"274","不用烤箱没有复杂工艺，懒人菜鸟也能做的快手小点心！","https://www.douguo.com/caidan/8758173.html","https://cp1.douguo.com/upload/caiku/1/9/b/400x266_19a2a43be7a71a979e601cb0d165204b.jpeg","6道菜谱"
"275","这道菜用豆瓣酱炒，简直是对他的侮辱","https://www.douguo.com/caidan/8758166.html","https://cp1.douguo.com/upload/caiku/9/2/3/400x266_924bec6fc2790baad02ee57c45ee0e03.jpeg","5道菜谱"
"276","生活中常见“毒水果”，以貌取果可能有大危害！","https://www.douguo.com/caidan/8758163.html","https://cp1.douguo.com/upload/caiku/6/7/8/400x266_67a33ee2d22cd1bd1024785639236298.jpg","5道菜谱"
"277","活了30年才发现，以前的早餐都吃错了！","https://www.douguo.com/caidan/8758155.html","https://cp1.douguo.com/upload/caiku/d/3/4/400x266_d3352bd61beea1e40c6b7c2bc2bfdfd4.jpg","6道菜谱"
"278","这补汤现在不喝等于白喝","https://www.douguo.com/caidan/8758151.html","https://cp1.douguo.com/upload/caiku/8/c/e/400x266_8c9cd6b457a4e25320d62ef9220bff0e.jpeg","7道菜谱"
"279","差一点被木耳要了我的命","https://www.douguo.com/caidan/8758149.html","https://cp1.douguo.com/upload/caiku/3/5/c/400x266_3539d8934673f2d07b5136ce5d8541dc.jpeg","6道菜谱"
"280","周末，我只想瘫着吃零食！","https://www.douguo.com/caidan/8758146.html","https://cp1.douguo.com/upload/caiku/f/f/1/400x266_ffbdfda388d056b6e178d4b2f3ffadd1.JPG","7道菜谱"
"281","报告！这本书竟引诱我“犯罪”","https://www.douguo.com/caidan/8755938.html","https://cp1.douguo.com/upload/caiku/2/b/0/400x266_2b4bad1b19824b412c9385efafc19680.jpg","10道菜谱"
"282","8月19日 • 今天吃什么","https://www.douguo.com/caidan/8755874.html","https://cp1.douguo.com/upload/caiku/f/6/7/400x266_f6585815e0ec3f3ee6bcfbba919bc967.JPG","36道菜谱"
"283","8月18日 • 今天吃什么","https://www.douguo.com/caidan/8755847.html","https://cp1.douguo.com/upload/caiku/b/d/d/400x266_bd187c980985751a93a43dba6cc993fd.jpg","8道菜谱"
"284","8月17日 • 今天吃什么","https://www.douguo.com/caidan/8755821.html","https://cp1.douguo.com/upload/caiku/d/5/7/400x266_d5ff191963072b8ef5fa36dca5d0a4e7.jpeg","36道菜谱"
"285","老妈朋友圈里的那些致癌理论竟然不是吓唬人的！","https://www.douguo.com/caidan/8755775.html","https://cp1.douguo.com/upload/caiku/2/0/0/400x266_201e453ab887d20a0e634cdd6a69d4c0.jpg","6道菜谱"
"286","简单到我闭着眼都能做的这些蒸菜，家人都吃的美滋滋！","https://www.douguo.com/caidan/8755768.html","https://cp1.douguo.com/upload/caiku/c/4/c/400x266_c4cee2416484a68948e3f26a5b78588c.jpeg","7道菜谱"
"287","它比豆浆香，比牛奶好喝，在家8元就搞定！","https://www.douguo.com/caidan/8755766.html","https://cp1.douguo.com/upload/caiku/2/2/7/400x266_22d82372454df96ebf69cd2e4a0b7627.jpeg","5道菜谱"
"288","看了这个，吓得我直接把家里的锅扔了！","https://www.douguo.com/caidan/8755763.html","https://cp1.douguo.com/upload/caiku/d/9/d/400x266_d941bba09c51354e9b6b5c01105f95ed.jpg","5道菜谱"
"289","我才知道，坚果吃不对，竟然等同喝了十斤油！","https://www.douguo.com/caidan/8755761.html","https://cp1.douguo.com/upload/caiku/9/4/a/400x266_943115a8f792ae3331c13dc9b272deba.jpg","5道菜谱"
"290","这几道东南亚菜让我越到夏天越费米！","https://www.douguo.com/caidan/8755758.html","https://cp1.douguo.com/upload/caiku/f/f/b/400x266_ff9014cd14ac4acf0f85d486a690ba5b.jpg","5道菜谱"
"291","哎哟！这个馅饼不揉面不擀面，皮薄馅大，香而不腻，简直诱人至极","https://www.douguo.com/caidan/8755756.html","https://cp1.douguo.com/upload/caiku/e/9/1/400x266_e95127f4a8158bec60ddf58a78084211.jpeg","5道菜谱"
"292","半个演艺圈都去她家蹭饭！竟因为能吃到最正的北京炸酱面和东北酸","https://www.douguo.com/caidan/8755755.html","https://cp1.douguo.com/upload/caiku/e/2/0/400x266_e22b29dc3852ead697c76365e4e64830.jpeg","5道菜谱"
"293","我差点被红薯毒死！","https://www.douguo.com/caidan/8755754.html","https://cp1.douguo.com/upload/caiku/7/c/b/400x266_7ccf21dbc82fe5ed3b7fce20a12107cb.jpg","7道菜谱"
"294","听说了么？水果还是淡斑高手！","https://www.douguo.com/caidan/8755753.html","https://cp1.douguo.com/upload/caiku/d/b/1/400x266_dbb82f60a9103d860ad18880b711e5f1.jpg","7道菜谱"
"295","深夜，没有比这更爽的事了","https://www.douguo.com/caidan/8755751.html","https://cp1.douguo.com/upload/caiku/4/1/e/400x266_4117fe5a01780f161f492bc7b21ac60e.jpg","6道菜谱"
"296","找不到的“民间菜”都在这儿！","https://www.douguo.com/caidan/8755750.html","https://cp1.douguo.com/upload/caiku/2/b/1/400x266_2bf63bb619f74e7d8f360f17818b4471.jpeg","8道菜谱"
"297","自己做，吃的才放心！","https://www.douguo.com/caidan/8750293.html","https://cp1.douguo.com/upload/caiku/0/0/9/400x266_0011c3cc053a0fe0adf25bb2b3f8b939.JPG","5道菜谱"
"298","不加这一步，蒸出的螃蟹太腥可别哭！","https://www.douguo.com/caidan/8750253.html","https://cp1.douguo.com/upload/caiku/f/5/3/400x266_f530000dbd72066903594a0953856d73.jpg","6道菜谱"
"299","面馆每天销量上百份的炸酱配方，学会自己在家做！","https://www.douguo.com/caidan/8750251.html","https://cp1.douguo.com/upload/caiku/b/e/b/400x266_be888b846c0c172bf2042e05fe6ded1b.jpeg","5道菜谱"
"300","我与大厨差的就是这十个做饭小窍门！","https://www.douguo.com/caidan/8750250.html","https://cp1.douguo.com/upload/caiku/e/c/6/400x266_ec9b1efcc60a1dafa89e81cc5d1e4536.jpg","5道菜谱"
"301","太可怕了，我这一口，吃掉无数寄生虫！","https://www.douguo.com/caidan/8750248.html","https://cp1.douguo.com/upload/caiku/3/6/7/400x266_364498bc4b32757eb51e58819a4d4ae7.jpg","5道菜谱"
"302","连熊都不怕的战斗民族，竟然怕这种食物！知道真相我差点笑喷！","https://www.douguo.com/caidan/8750244.html","https://cp1.douguo.com/upload/caiku/6/5/9/400x266_65ee604defb8cb1f75852943b4260709.jpg","5道菜谱"
"303","43岁舒淇保持身材的秘诀除了“四不吃”，还有“四常吃”！","https://www.douguo.com/caidan/8750241.html","https://cp1.douguo.com/upload/caiku/7/6/e/400x266_76aecb0a04af12bc0759cfdd47207e9e.jpeg","6道菜谱"
"304","“花哨”牛奶出没请小心！","https://www.douguo.com/caidan/8750238.html","https://cp1.douguo.com/upload/caiku/2/5/2/400x266_2538ab28b328e9f4d271652e61e33772.jpeg","6道菜谱"
"305","曾是穷人的无奈选择，现如今倒成了稀罕美食，市面上不一定能买到！","https://www.douguo.com/caidan/8750236.html","https://cp1.douguo.com/upload/caiku/e/b/e/400x266_eb75b649565ebec62387f1d4ef60f0de.jpg","4道菜谱"
"306","3分钟学会《中餐厅》同款美食！","https://www.douguo.com/caidan/8750231.html","https://cp1.douguo.com/upload/caiku/9/3/5/400x266_936c3333d7ff4760b77af5dbf7f58b95.jpg","6道菜谱"
"307","听说川菜要“隐退”，我不同意！","https://www.douguo.com/caidan/8750223.html","https://cp1.douguo.com/upload/caiku/7/d/e/400x266_7dc744c94682a579eca44f14fd46030e.jpg","10道菜谱"
"308","颜值高寓意好，做法简单！居然有人还没吃过？","https://www.douguo.com/caidan/8750222.html","https://cp1.douguo.com/upload/caiku/d/6/5/400x266_d6a6862aaa53b25e92fc5003d01feb25.jpeg","5道菜谱"
"309","这两种豆腐有毒！千万不要买来吃！","https://www.douguo.com/caidan/8750210.html","https://cp1.douguo.com/upload/caiku/b/8/0/400x266_b852064886db2169bbf8c916021519a0.jpg","5道菜谱"
"310","吃隔夜菜会亚硝酸盐中毒?这是真的吗?","https://www.douguo.com/caidan/8750205.html","https://cp1.douguo.com/upload/caiku/0/1/0/400x266_015e43bd3fdbfb196ee42c6946718d50.jpeg","5道菜谱"
"311","这菜是“液体黄金”，每天给孩子吃一顿，智商碾压同龄人！","https://www.douguo.com/caidan/8750198.html","https://cp1.douguo.com/upload/caiku/7/7/7/400x266_7716304cbe1c554fcea57206efa6e957.jpg","5道菜谱"
"312","二师兄身价飙升，不吃猪肉你还能吃它！","https://www.douguo.com/caidan/8750196.html","https://cp1.douguo.com/upload/caiku/0/e/1/400x266_0eb926c34f40c8f9d45a13012e4effb1.jpg","5道菜谱"
"313","立秋后多喝这碗汤，营养开胃，一顿5碗不够喝，鲜的要命！","https://www.douguo.com/caidan/8750189.html","https://cp1.douguo.com/upload/caiku/1/4/f/400x266_1480f30abc448a1a5d0af6660ee2c4cf.jpg","5道菜谱"
"314","吃茄子却怕油多?一招让＂吃油大户＂省油又入味!","https://www.douguo.com/caidan/8750186.html","https://cp1.douguo.com/upload/caiku/a/0/1/400x266_a0a5c73d44d91efd51e0b9e2c3916c71.jpg","5道菜谱"
"315","那些年，让我们上当受骗的食材名称！","https://www.douguo.com/caidan/8750182.html","https://cp1.douguo.com/upload/caiku/4/8/a/400x266_486e0187587f5b4537e57b9a270496ea.jpg","4道菜谱"
"316","就会加酱油和冰糖，难怪以前做的卤肉不上色！","https://www.douguo.com/caidan/8750180.html","https://cp1.douguo.com/upload/caiku/d/8/8/400x266_d8bfb024668d46d623eb3eef6c1f8758.jpeg","5道菜谱"
"317","谁说起晚了就不能做早饭？","https://www.douguo.com/caidan/8750177.html","https://cp1.douguo.com/upload/caiku/c/1/6/400x266_c13d9af80b6bc7c81d423e6c3d569806.jpg","9道菜谱"
"318","“真”“假”疑团，难道我买错了绿豆？","https://www.douguo.com/caidan/8750173.html","https://cp1.douguo.com/upload/caiku/c/4/8/400x266_c4c7ca257c8f43b6334225c7a85ccca8.jpeg","6道菜谱"
"319","花样丸子，还你一个童年！","https://www.douguo.com/caidan/8750171.html","https://cp1.douguo.com/upload/caiku/8/c/e/400x266_8c9cd6b457a4e25320d62ef9220bff0e.jpeg","6道菜谱"
"320","端上这盘菜，还能喝十杯！","https://www.douguo.com/caidan/8750163.html","https://cp1.douguo.com/upload/caiku/5/b/1/400x266_5bb4f8b0a1f33c9f80240a511a5ae1f1.jpg","7道菜谱"
"321","谁说起晚了就不能做早饭？","https://www.douguo.com/caidan/8749872.html","https://cp1.douguo.com/upload/caiku/a/7/2/400x266_a714c4211aa15143e872f787be67a752.jpg","8道菜谱"
"322","那些年，让我们上当受骗的食材名称！","https://www.douguo.com/caidan/8749851.html","https://cp1.douguo.com/upload/caiku/4/8/a/400x266_486e0187587f5b4537e57b9a270496ea.jpg","5道菜谱"
"323","这两种豆腐有毒！千万不要买来吃！","https://www.douguo.com/caidan/8749838.html","https://cp1.douguo.com/upload/caiku/b/8/0/400x266_b852064886db2169bbf8c916021519a0.jpg","5道菜谱"
"324","吃隔夜菜会亚硝酸盐中毒?这是真的吗?","https://www.douguo.com/caidan/8749836.html","https://cp1.douguo.com/upload/caiku/7/7/e/400x266_776809bada54f13c5911e76f2a86abee.jpeg","5道菜谱"
"325","这菜是“液体黄金”，每天给孩子吃一顿，智商碾压同龄人！","https://www.douguo.com/caidan/8749832.html","https://cp1.douguo.com/upload/caiku/7/7/7/400x266_7716304cbe1c554fcea57206efa6e957.jpg","5道菜谱"
"326","二师兄身价飙升，不吃猪肉你还能吃它！","https://www.douguo.com/caidan/8749827.html","https://cp1.douguo.com/upload/caiku/0/e/1/400x266_0eb926c34f40c8f9d45a13012e4effb1.jpg","5道菜谱"
"327","立秋后多喝这碗汤，营养开胃，一顿5碗不够喝，鲜的要命！","https://www.douguo.com/caidan/8749821.html","https://cp1.douguo.com/upload/caiku/1/4/f/400x266_1480f30abc448a1a5d0af6660ee2c4cf.jpg","5道菜谱"
"328","吃茄子却怕油多?一招让＂吃油大户＂省油又入味!","https://www.douguo.com/caidan/8749816.html","https://cp1.douguo.com/upload/caiku/a/0/1/400x266_a0a5c73d44d91efd51e0b9e2c3916c71.jpg","5道菜谱"
"329","就会加酱油和冰糖，难怪以前做的卤肉不上色！","https://www.douguo.com/caidan/8749812.html","https://cp1.douguo.com/upload/caiku/d/8/8/400x266_d8bfb024668d46d623eb3eef6c1f8758.jpeg","5道菜谱"
"330","“真”“假”疑团，难道我买错了绿豆？","https://www.douguo.com/caidan/8749806.html","https://cp1.douguo.com/upload/caiku/c/4/8/400x266_c4c7ca257c8f43b6334225c7a85ccca8.jpeg","6道菜谱"
"331","花样丸子，还你一个童年！","https://www.douguo.com/caidan/8749801.html","https://cp1.douguo.com/upload/caiku/8/c/e/400x266_8c9cd6b457a4e25320d62ef9220bff0e.jpeg","6道菜谱"
"332","端上这盘菜，还能喝十杯！","https://www.douguo.com/caidan/8749794.html","https://cp1.douguo.com/upload/caiku/5/b/1/400x266_5bb4f8b0a1f33c9f80240a511a5ae1f1.jpg","7道菜谱"
"333","中元节补阳气不吃这些可不行！","https://www.douguo.com/caidan/8749787.html","https://cp1.douguo.com/upload/caiku/7/1/7/400x266_71b1f272118fb1e20f2029fecfae6557.jpeg","7道菜谱"
"334","8月16日 • 今天吃什么","https://www.douguo.com/caidan/8749765.html","https://cp1.douguo.com/upload/caiku/b/6/b/400x266_b61fefd313c7d7c4256697eb22cf900b.jpg","36道菜谱"
"335","8月15日 • 今天吃什么","https://www.douguo.com/caidan/8748251.html","https://cp1.douguo.com/upload/caiku/7/1/7/400x266_71396a81229dda14670c184a7f757347.jpg","35道菜谱"
"336","感情升温的秘籍,90%的夫妻都不知道","https://www.douguo.com/caidan/8747037.html","https://cp1.douguo.com/upload/caiku/2/0/8/400x266_20bc910876079443c534b37b470c1f48.jpeg","5道菜谱"
"337","这鱼在古代只有贵族才能吃，如今低价却没人买","https://www.douguo.com/caidan/8747033.html","https://cp1.douguo.com/upload/caiku/c/9/5/400x266_c9d517719f2edafbfd174ae24c70fe05.jpg","5道菜谱"
"338","做一个合格的吃瓜群众","https://www.douguo.com/caidan/8747030.html","https://cp1.douguo.com/upload/caiku/f/d/b/400x266_fde16fcb41022c14965688d5f49ef9fb.jpg","6道菜谱"
"339","六道美味的清肠美食，肚子越吃越小","https://www.douguo.com/caidan/8747023.html","https://cp1.douguo.com/upload/caiku/9/f/0/400x266_9fbfc1a15e719ecd54c53324e6e81f80.jpg","5道菜谱"
"340","东北人常年最爱的四种“零食”，谁都不敢抢！","https://www.douguo.com/caidan/8747019.html","https://cp1.douguo.com/upload/caiku/8/5/6/400x266_8561ba2bfbd5af90b6307ffe2ccd16b6.jpeg","5道菜谱"
"341","仅用三块钱，我就治好了掉头发！","https://www.douguo.com/caidan/8747013.html","https://cp1.douguo.com/upload/caiku/d/9/a/400x266_d9e9674bc1ba4528c615b7741856245a.jpg","5道菜谱"
"342","西红柿鸡蛋汤正确做法，蛋花漂亮，味道鲜美","https://www.douguo.com/caidan/8747010.html","https://cp1.douguo.com/upload/caiku/e/c/5/400x266_ec08f44eeece7a3fed4997f63af47d65.jpeg","5道菜谱"
"343","入秋，吃白米饭还不如吃它，膳食纤维丰富，有荤有素，越吃越健康","https://www.douguo.com/caidan/8747005.html","https://cp1.douguo.com/upload/caiku/3/7/9/400x266_377b077d77875e5a2f5a3c38ebcabe69.jpeg","5道菜谱"
"344","别拿贫血不当事，不治能要命！","https://www.douguo.com/caidan/8746994.html","https://cp1.douguo.com/upload/caiku/8/f/b/400x266_8fc2210a5bd8bfdf527f3ba32501b6db.jpg","7道菜谱"
"345","土豆挑错了，小心会中毒！","https://www.douguo.com/caidan/8746989.html","https://cp1.douguo.com/upload/caiku/8/e/e/400x266_8eff01ad0831c249e7b3c82d389f46be.jpg","6道菜谱"
"346","同样是减脂餐，你咋这么牛！","https://www.douguo.com/caidan/8746983.html","https://cp1.douguo.com/upload/caiku/0/e/8/400x266_0e3653d870b59569a2a31212ff190b38.jpeg","7道菜谱"
"347","同样是减脂餐，你咋这么牛！","https://www.douguo.com/caidan/8746982.html","https://cp1.douguo.com/upload/caiku/0/e/8/400x266_0e3653d870b59569a2a31212ff190b38.jpeg","7道菜谱"
"348","每天吃饭不洗碗，真是超幸福！","https://www.douguo.com/caidan/8746975.html","https://cp1.douguo.com/upload/caiku/9/f/b/400x266_9ffad318b90ec45ee59dcb17f4f48eab.jpeg","8道菜谱"
"349","全网公认“最脏”的零食，每个女生都中枪！","https://www.douguo.com/caidan/8743165.html","https://cp1.douguo.com/upload/caiku/3/d/a/400x266_3dc6aff2b524893cc4aa593a283f7c6a.jpeg","5道菜谱"
"350","蒸包子容易死面？老妈一招就搞定，包子松软不回缩！","https://www.douguo.com/caidan/8743152.html","https://cp1.douguo.com/upload/caiku/9/7/c/400x266_971ac04d123af1d576f139033095e52c.jpg","5道菜谱"
"351","外国人曾禁止这个出境，被人冒死偷偷带回国，如今它却是国人最爱","https://www.douguo.com/caidan/8743148.html","https://cp1.douguo.com/upload/caiku/3/5/5/400x266_35611dba87eaac7bc36402b6be86ca75.jpg","5道菜谱"
"352","总吃这两种衰老“加速剂”，难怪你不年轻！","https://www.douguo.com/caidan/8743146.html","https://cp1.douguo.com/upload/caiku/7/4/5/400x266_74de7593b6409f56f84d7e53026f4b65.jpg","5道菜谱"
"353","中国到底哪里的米粉最好吃？这个地方一天能吃掉1200吨","https://www.douguo.com/caidan/8743144.html","https://cp1.douguo.com/upload/caiku/3/d/4/400x266_3d63e0eb13b1711a19b5f4a1b58ad054.jpg","5道菜谱"
"354","不会做酱牛肉！只能买成品？教你一个方法，帮你省了这笔钱！","https://www.douguo.com/caidan/8743138.html","https://cp1.douguo.com/upload/caiku/1/4/8/400x266_14a160c9b35f92278315ca89680e9e38.jpg","5道菜谱"
"355","香港就是中国的，吃完这些港式美味，我更爱香港","https://www.douguo.com/caidan/8743132.html","https://cp1.douguo.com/upload/caiku/4/8/a/400x266_48d4cef1f74b5ad683ae63b2f444ec0a.jpg","5道菜谱"
"356","最长胖的4大主食，油条米饭都要靠边站！","https://www.douguo.com/caidan/8743126.html","https://cp1.douguo.com/upload/caiku/d/e/5/400x266_deb89009627180ccd94777445d359915.jpg","5道菜谱"
"357","这才是赶走“暴脾气”的去火菜","https://www.douguo.com/caidan/8743122.html","https://cp1.douguo.com/upload/caiku/e/c/a/400x266_ecc4acbd9ff0aa13620c2c95a7ba3a0a.jpg","6道菜谱"
"358","谁说我们吃不起榨菜了？","https://www.douguo.com/caidan/8743104.html","https://cp1.douguo.com/upload/caiku/3/6/0/400x266_36b0daa5c44533a25c36ea6a2591c180.png","7道菜谱"
"359","这还是我认识的“面条”吗？","https://www.douguo.com/caidan/8743100.html","https://cp1.douguo.com/upload/caiku/8/c/b/400x266_8c71d7f5a0ade157facabdebdbb4c9fb.jpeg","6道菜谱"
"360","台风大作战，快速搞定一餐！","https://www.douguo.com/caidan/8743099.html","https://cp1.douguo.com/upload/caiku/4/6/d/400x266_46a1b9e1a925ed00c865065a9362129d.jpeg","9道菜谱"
