"title","titleurl","img","from","time","id"
"200元一斤的草莓？这个红遍全日本的奶茶品牌上新， 原料简直壕无人性！","http://www.douguo.com/article/detail/4083","https://cp1.douguo.com/upload/post/9/e/d/9ee361b1ea5123ffce6076176abf420d.png","来自：食界大咖秀 主题站","2020-10-14","1"
"健康开心果，全民开心GO！","http://www.douguo.com/article/detail/4082","https://cp1.douguo.com/upload/post/e/b/8/ebf4f21c8a1811c1cbc7285381111018.png","来自：食界大咖秀 主题站","2020-08-12","2"
"美国开心果陪你一起打破格局，助燃今夏","http://www.douguo.com/article/detail/4081","https://cp1.douguo.com/upload/post/4/b/4/4b1155b4b5cfe521ed53010f2b42df14.png","来自：食界大咖秀 主题站","2020-08-05","3"
"时光淬炼的“蔓“妙滋味","http://www.douguo.com/article/detail/4080","https://cp1.douguo.com/upload/post/f/3/f/f3255c3b75421068fa4c35f97791c76f.png","来自：食界大咖秀 主题站","2020-07-27","4"
"乐享厨卫清洁的日式美学--“花王厨卫清洁系列”全新上市","http://www.douguo.com/article/detail/4079","https://cp1.douguo.com/upload/post/b/a/7/ba277c51228e939b8e208b0bd6b498f7.jpeg","来自：食界大咖秀 主题站","2020-07-22","5"
"健康专家郑育龙教您如何用橄榄油吃出健康","http://www.douguo.com/article/detail/4078","https://cp1.douguo.com/upload/post/1/6/9/16fd3c040f34c60d4f2f35a21bd73b89.jpg","来自：食界大咖秀 主题站","2020-06-03","6"
"“健康领鲜，臻享美好生活” 松下风冷无霜三门冰箱阵容全新上市","http://www.douguo.com/article/detail/4077","https://cp1.douguo.com/upload/post/3/5/8/35a061a7764643d9b2b2591ecc368b48.png","来自：食界大咖秀 主题站","2020-05-20","7"
"ZAKER《2020全民阅读报告》：二三线城市更爱读书","http://www.douguo.com/article/detail/4076","https://cp1.douguo.com/upload/post/b/b/0/bbae87c5683d0edd26ad67fa00303850.jpg","来自：食界大咖秀 主题站","2020-04-23","8"
"欧洲美食艺术·意大利果蔬精品：源自意大利大地之礼","http://www.douguo.com/article/detail/4073","https://cp1.douguo.com/upload/post/e/8/0/e875e3a5c5f19e7caf051a388a572b60.png","来自：食界大咖秀 主题站","2020-01-13","9"
"上海首家omakase放题餐厅亮相，带你解锁超高阶日式盛宴！","http://www.douguo.com/article/detail/4072","https://cp1.douguo.com/upload/post/4/5/5/459e770d86e41cd4126264692e0a0845.jpg","来自：食界大咖秀 主题站","2019-12-27","10"
"在浦西打拼了140多年，这家犇犇的本帮餐厅要荣归浦东了！","http://www.douguo.com/article/detail/4071","https://cp1.douguo.com/upload/post/6/5/8/65b9918dc1f16c23f584315d0def2838.png","来自：食界大咖秀 主题站","2019-12-23","11"
"美味橄榄油，健康添活力","http://www.douguo.com/article/detail/4070","https://cp1.douguo.com/upload/post/9/5/0/95eba572a5f77b44287a5f4e6f911020.jpg","来自：食界大咖秀 主题站","2019-12-13","12"
"谁是2019“价值中国”的年度范本？快来ZAKER投票吧","http://www.douguo.com/article/detail/4069","https://cp1.douguo.com/upload/post/7/4/f/74565dd5c918675872d83215f387f61f.png","来自：食界大咖秀 主题站","2019-12-09","13"
"豆果美食荣获“2019中国饮食传播影响力机构”奖项，这场千人盛宴不容错过！","http://www.douguo.com/article/detail/4068","https://cp1.douguo.com/upload/post/6/c/a/6cd2cbc830f10d14cbfb4cce60df510a.jpg","来自：食界大咖秀 主题站","2019-11-27","14"
"2019「英伦精选」展再临魔都！集结英伦力量，玩出英伦范儿！ ——开启沉浸式英伦文化之旅  体验全方位感官盛宴","http://www.douguo.com/article/detail/4067","https://cp1.douguo.com/upload/post/9/8/8/98cffcebfd1db1ef0ea090192a50dda8.jpg","来自：食界大咖秀 主题站","2019-09-19","15"
"新中国70年中国体育新篇章——金龙鱼国家队运动营养师助力国家队备战2020东京奥运","http://www.douguo.com/article/detail/4066","https://cp1.douguo.com/upload/post/4/1/2/4108a856a72facbf1276f6f144c44e12.jpg","来自：食界大咖秀 主题站","2019-09-04","16"
"天猫冰淇淋沉浸式话剧：为冰淇淋品类营销升级赋能","http://www.douguo.com/article/detail/4065","https://cp1.douguo.com/upload/post/3/e/8/3ef8c966a4d6bacee483808e3baa4d68.jpg","来自：食界大咖秀 主题站","2019-07-25","17"
"在等外卖的30分钟里，你还可以做什么？","http://www.douguo.com/article/detail/4064","https://cp1.douguo.com/upload/post/e/d/d/ed96c22e359b8e18adc7641d6e0f27ad.png","来自：食界大咖秀 主题站","2019-06-27","18"
"这个“五一”有点甜，沪人气料理工作室甜蜜盛启碧根果蛋糕DIY体验课","http://www.douguo.com/article/detail/4063","https://cp1.douguo.com/upload/post/e/b/a/eb44ac0264fb360bedd7c6642094903a.jpeg","来自：食界大咖秀 主题站","2019-04-29","19"
"香糯五谷 “煲”出健康好滋味 飞利浦全新五谷电饭煲重磅亮相媒体品鉴沙龙","http://www.douguo.com/article/detail/4062","https://cp1.douguo.com/upload/post/3/6/9/3647b160257af74f57dd1d7d056c3cf9.png","来自：食界大咖秀 主题站","2019-04-24","20"
"美味橄榄油，健康添活力","http://www.douguo.com/article/detail/4061","https://cp1.douguo.com/upload/post/f/f/9/ffac6c808796b017be57cd870857e7a9.jpg","来自：食界大咖秀 主题站","2019-04-03","21"
"三八女神节多彩智利葡萄让生活更精彩","http://www.douguo.com/article/detail/4060","https://cp1.douguo.com/upload/post/a/8/1/a80d2ac7c3d8281b69bf5a4ff69e5c61.jpg","来自：食界大咖秀 主题站","2019-03-11","22"
"九阳发布“悦享健康”新主张 3大颠覆性新品亮相","http://www.douguo.com/article/detail/4059","https://cp1.douguo.com/upload/post/a/8/6/a86f3bda9bc3a7dae9f3fba5611f80d6.jpeg","来自：厨房装备研究院 主题站","2019-03-08","23"
"“智利核果月”今春在沪拉开帷幕 油桃布林西梅精彩纷呈","http://www.douguo.com/article/detail/4058","https://cp1.douguo.com/upload/post/9/a/7/9a5e81b99b3dc8cd84cdbb77e6c789f7.jpg","来自：食界大咖秀 主题站","2019-03-04","24"
"智利蓝莓亮相上海影院 鲜甜健康小食备受欢迎","http://www.douguo.com/article/detail/4057","https://cp1.douguo.com/upload/post/3/a/5/3a90a9e8441528ffea8cace74a3b6425.jpg","来自：食界大咖秀 主题站","2019-01-29","25"
"豆果美食 x 花舍  新春品鉴会暨达人感谢宴圆满结束","http://www.douguo.com/article/detail/4056","https://cp1.douguo.com/upload/post/e/1/0/e13a76cbb0a20bd7836cd21b39753470.jpg","来自：食界大咖秀 主题站","2019-01-22","26"
"智利樱桃打破吉尼斯世界记录TM“最长的水果队列” 之成绩","http://www.douguo.com/article/detail/4055","https://cp1.douguo.com/upload/post/0/7/1/07e2c11113ba4e55f585156b3b3779d1.jpg","来自：食界大咖秀 主题站","2019-01-11","27"
"寻味之旅 | 我们在北京和大家共度了一个吃吃喝喝的欢乐下午","http://www.douguo.com/article/detail/4054","https://cp1.douguo.com/upload/post/a/1/8/a1145931cfa729596a1e91a94f6666b8.jpg","来自：走哪吃哪 主题站","2019-01-09","28"
"为鲜活而生，乐享美“食” ——松下全阵容冰箱引爆未来生活新风尚","http://www.douguo.com/article/detail/4053","https://cp1.douguo.com/upload/post/4/1/e/415c18823f629f9a06ac1929420718be.jpg","来自：食界大咖秀 主题站","2018-12-11","29"
"欢乐欧洲“哥瑞纳帕达诺奶酪&帕尔玛火腿”尽享意式盛宴上海媒体午宴顺利举办","http://www.douguo.com/article/detail/4052","https://cp1.douguo.com/upload/post/7/5/e/7598c826a41eca9af9222161c8db705e.jpg","来自：食界大咖秀 主题站","2018-11-28","30"
"《锋味》开播发布会宣布定档11月24日 谢霆锋坦承美食治愈自己，现做蛋糕赠礼佘诗曼","http://www.douguo.com/article/detail/4049","https://cp1.douguo.com/upload/post/0/1/3/0132f0c83b5a8cad386e74af340da633.jpg","来自：食界大咖秀 主题站","2018-11-22","31"
"暖暖冬日 寻香问辛——食育体验课堂活动顺利举行！","http://www.douguo.com/article/detail/4048","https://cp1.douguo.com/upload/post/0/b/a/0b9204fcb7b5b66eccbc5ddd38098b0a.jpg","来自：食界大咖秀 主题站","2018-11-21","32"
"亚摩斯脱糖电饭煲——蒸出一碗含糖更低的米饭","http://www.douguo.com/article/detail/4047","https://cp1.douguo.com/upload/post/7/1/2/71037bb45742a59c91b35589584732c2.jpg","来自：食界大咖秀 主题站","2018-11-21","33"
"“匠心酱味，自然之味”  2018秋冬韩国经典酱类美食全新发布","http://www.douguo.com/article/detail/4046","https://cp1.douguo.com/upload/post/a/9/8/a9c1a4415c2d80a936c620bfa670b718.png","来自：食界大咖秀 主题站","2018-10-16","34"
"用时间诠释经典 德国百年品牌AEG中国首家品牌体验店正式揭幕","http://www.douguo.com/article/detail/4045","https://cp1.douguo.com/upload/post/c/a/9/cacc9a6be47b27ae19fa10bd345abdf9.png","来自：食界大咖秀 主题站","2018-09-21","35"
"“耀世百年 倾城一宴” 德国AEG家电上市晚宴举行","http://www.douguo.com/article/detail/4044","https://cp1.douguo.com/upload/post/b/f/c/bfe5018e5e98bd5f8473e4391c9ceb6c.png","来自：食界大咖秀 主题站","2018-09-20","36"
"海尔食联网展示生态平台：为300人现场定制5类健康美食方案","http://www.douguo.com/article/detail/4043","https://cp1.douguo.com/upload/post/3/a/f/3ac48f2e16a1b6d1cf2a6337d96841cf.jpg","来自：食界大咖秀 主题站","2018-09-14","37"
"如此美味，法国奶酪！","http://www.douguo.com/article/detail/4042","https://cp1.douguo.com/upload/post/c/5/8/c5d298edc95c218fb3e8ae42b0fe0fb8.jpg","来自：食界大咖秀 主题站","2018-09-11","38"
"松下电器&BDW 2018中国国际家庭私房烘焙大师赛海选开始","http://www.douguo.com/article/detail/4039","https://cp1.douguo.com/upload/post/9/c/b/9c38217bd16b91167a45fec36a9ab5ab.jpg","来自：食界大咖秀 主题站","2018-08-24","39"
"豆果美食助力雀巢开启“15分钟，优质食品美好生活”","http://www.douguo.com/article/detail/4038","https://cp1.douguo.com/upload/post/4/c/c/4cf15ec6078de484f72f633260974c2c.jpg","来自：食界大咖秀 主题站","2018-08-20","40"
"恒大兴安粮油新品亮相2018 全国经销商大会","http://www.douguo.com/article/detail/4037","https://cp1.douguo.com/upload/post/b/9/c/b9ba8a5e830ec323853c87e98648ce6c.png","来自：食界大咖秀 主题站","2018-08-17","41"
"遇见MOF  第三届中国国际家庭私房烘焙赛事盛大开启","http://www.douguo.com/article/detail/4036","https://cp1.douguo.com/upload/post/c/2/6/c2f347ee2a265192cc014ae1df78db16.jpg","来自：食界大咖秀 主题站","2018-08-03","42"
"网红小姐姐和健身达人推崇的0脂肪来了！","http://www.douguo.com/article/detail/4035","https://cp1.douguo.com/upload/post/a/e/f/ae57ec7f2def4475f03e6084833fc5cf.jpg","来自：食界大咖秀 主题站","2018-08-03","43"
"“当代华尔兹之王”邀你一起探索世界美景美食","http://www.douguo.com/article/detail/4034","https://cp1.douguo.com/upload/post/b/d/9/bdcf6a747a2e60b97ed4f7e26dc60a39.jpg","来自：食界大咖秀 主题站","2018-07-17","44"
"丘比25周年家庭派对","http://www.douguo.com/article/detail/4033","https://cp1.douguo.com/upload/post/2/9/a/298a62d477944e2e1fb3af2048bdd09a.png","来自：食界大咖秀 主题站","2018-06-21","45"
"承包你整个夏天的追剧零食，做法在这里！","http://www.douguo.com/article/detail/4031","https://cp1.douguo.com/upload/post/a/e/5/ae9e1119183ae24962371c674f272435.jpg","来自：小白厨艺班 主题站","2018-05-16","46"
"夏天必吃的开胃降暑神器，在家做美味更干净！","http://www.douguo.com/article/detail/4030","https://cp1.douguo.com/upload/post/9/c/e/9c6e3cdf6b48951e52c379a6edffba3e.jpg","来自：小白厨艺班 主题站","2018-05-14","47"
"咔吱咔吱的酱香饼，当零食都能狂吃2大盘！","http://www.douguo.com/article/detail/4029","https://cp1.douguo.com/upload/post/1/d/e/1de39945155266b0796686115726724e.jpg","来自：小白厨艺班 主题站","2018-05-14","48"
"平底锅就能做的乳酪面包，一咬就爆浆，爽翻了！","http://www.douguo.com/article/detail/4028","https://cp1.douguo.com/upload/post/3/e/d/3e72b7ea97aa5dddede308d309cd84dd.jpg","来自：小白厨艺班 主题站","2018-04-25","49"
"10分钟搞定的无敌快手菜！你的外卖还没到，我的菜都上桌了！","http://www.douguo.com/article/detail/4027","https://cp1.douguo.com/upload/post/f/2/2/f229b5b80e7ca08c0805feb510c14f52.jpg","来自：小白厨艺班 主题站","2018-04-25","50"
"“整个番茄饭”过气了，抖音上最火的“网红饭”可是它......","http://www.douguo.com/article/detail/4026","https://cp1.douguo.com/upload/post/f/6/d/f6ebd6adc760d88a55b1086c7e8eb34d.jpg","来自：小白厨艺班 主题站","2018-04-24","51"
"秒杀麦当劳网红酱的超级下饭酱！拌饭、拌面、配饼香极了！","http://www.douguo.com/article/detail/4025","https://cp1.douguo.com/upload/post/1/f/0/1f908f024c34c133d04263a35feb4280.jpg","来自：小白厨艺班 主题站","2018-04-23","52"
"外酥内软超好吃的千层饼，掌握这3招就能0失败！","http://www.douguo.com/article/detail/4024","https://cp1.douguo.com/upload/post/d/9/2/d9c9b54ef61e1bd385dc3b80e3b37de2.jpg","来自：小白厨艺班 主题站","2018-04-23","53"
"众果果汁与豆果美食达成战略合作  共推健康生活新未来","http://www.douguo.com/article/detail/4022","https://cp1.douguo.com/upload/post/c/7/f/c79b89f311d5654345d79e2695818f5f.jpg","来自：食界大咖秀 主题站","2018-04-17","54"
"106岁“第一夫人”的长寿奥秘，都在这碗香甜软滑的养颜粥里啦！","http://www.douguo.com/article/detail/4021","https://cp1.douguo.com/upload/post/0/d/5/0d17f9e4480c0e32f90663ae30f69b45.jpg","来自：小白厨艺班 主题站","2018-04-17","55"
"5步搞定平底锅煎饼果子，从炸油条开始教你做！明天早餐就吃它！","http://www.douguo.com/article/detail/4020","https://cp1.douguo.com/upload/post/0/6/9/0603203fcd94e7d663e8d5f35af04349.jpg","来自：小白厨艺班 主题站","2018-04-17","56"
"饮料做菜竟然这么好吃？包你吃一口就停不下来！","http://www.douguo.com/article/detail/4018","https://cp1.douguo.com/upload/post/e/a/4/ea0c914eb79758798435a7f58c831924.jpg","来自：小白厨艺班 主题站","2018-04-04","57"
"春季不能不吃的“蔬菜之王”，滋阴养血解春困，这样做清爽柔嫩超好吃！","http://www.douguo.com/article/detail/4017","https://cp1.douguo.com/upload/post/c/9/5/c9f795835605a6a6f3a3c5a45db83ba5.jpg","来自：小白厨艺班 主题站","2018-04-04","58"
"烘焙能有多简单？超好做的懒人蓝莓酥颠覆你的想象！","http://www.douguo.com/article/detail/4016","https://cp1.douguo.com/upload/post/f/9/d/f9bcd1ef278ef031b5d3e2a834237ebd.jpg","来自：小白厨艺班 主题站","2018-04-02","59"
"它被称为“春季第一菜”，养胃润肠补阳气，这样做清香鲜脆，让你一吃就上瘾！","http://www.douguo.com/article/detail/4015","https://cp1.douguo.com/upload/post/d/7/f/d7344e9ac5d21f2f0a9dbd93594abfef.jpg","来自：小白厨艺班 主题站","2018-03-30","60"
"当春笋遇上小馄饨，一个“鲜”字怎么够！","http://www.douguo.com/article/detail/4014","https://cp1.douguo.com/upload/post/7/a/4/7a15e456705c5a692e85fdc4b4c048d4.jpg","来自：小白厨艺班 主题站","2018-03-29","61"
"春天吃鸡肉，防生病不上火！鸡肉嫩滑鲜美的花式做法，好吃到你不敢相信！","http://www.douguo.com/article/detail/4013","https://cp1.douguo.com/upload/post/a/5/3/a53cedadcd88e78de5725229fd1948b3.jpg","来自：小白厨艺班 主题站","2018-03-28","62"
"时令春菜怎么吃？和鸡蛋一起做，鲜美爽脆，好吃到犯规！","http://www.douguo.com/article/detail/4012","https://cp1.douguo.com/upload/post/5/e/5/5e3551d32c21cbd68e5ca75fa9d42875.jpg","来自：小白厨艺班 主题站","2018-03-27","63"
"“水果皇后”草莓超简单的7种吃法，诱人“莓”味惊艳你！","http://www.douguo.com/article/detail/4011","https://cp1.douguo.com/upload/post/5/f/9/5fa55b9398b52b084ba29434c9f822d9.jpg","来自：小白厨艺班 主题站","2018-03-23","64"
"痛经只会“多喝热水”？这4个食谱补气养血止痛经，别错过春天补血好时机！","http://www.douguo.com/article/detail/4010","https://cp1.douguo.com/upload/post/4/b/c/4b65a4525807a0af4aadf2bc407580fc.jpg","来自：小白厨艺班 主题站","2018-03-23","65"
"恒大农牧启动《中国家庭健康饮食白皮书》 推动中国家庭健康饮食升级","http://www.douguo.com/article/detail/4009","https://cp1.douguo.com/upload/post/6/2/b/624f67b86fb539641d84899dee10359b.jpg","来自：食界大咖秀 主题站","2018-03-22","66"
"春分养生多吃“四绿菜”，全家人一整年不生病的关键就在这儿了！","http://www.douguo.com/article/detail/4008","https://cp1.douguo.com/upload/post/e/7/1/e7e06842f1244c164ebf7e3b5aef2881.jpg","来自：小白厨艺班 主题站","2018-03-21","67"
"五花肉爽嫩不腻的爆香做法，恨不得连汤汁都舔光！","http://www.douguo.com/article/detail/4007","https://cp1.douguo.com/upload/post/b/9/a/b9d1904fc68369624113a65f914ecf5a.jpg","来自：小白厨艺班 主题站","2018-03-21","68"
"平底锅轻松搞定的抹茶千层，超详细教程让你1次成功！","http://www.douguo.com/article/detail/4005","https://cp1.douguo.com/upload/post/d/5/f/d5e1d6f966d69bb0912bcbc351d07f8f.jpg","来自：小白厨艺班 主题站","2018-03-20","69"
"自制蓬松香脆的放心小油条，10分钟搞定的0技术早餐！","http://www.douguo.com/article/detail/4004","https://cp1.douguo.com/upload/post/4/b/e/4b895f1ba07ea0eb76a3581e5636cb9e.jpg","来自：小白厨艺班 主题站","2018-03-19","70"
"香浓好吃的国民下饭菜，电饭锅4步搞定，就这么简单！","http://www.douguo.com/article/detail/4003","https://cp1.douguo.com/upload/post/3/a/d/3a798784b179b7b75e1d3a87da7779dd.jpg","来自：小白厨艺班 主题站","2018-03-16","71"
"中式点心才是大写的高大上，马卡龙、和菓子都弱爆了！","http://www.douguo.com/article/detail/4002","https://cp1.douguo.com/upload/post/9/4/4/9468989aafd2ecc8ed6013d1d4680ba4.jpg","来自：小白厨艺班 主题站","2018-03-15","72"
"里脊新做法，金黄鲜香，不油炸也能这么嫩？！","http://www.douguo.com/article/detail/4001","https://cp1.douguo.com/upload/post/0/6/a/06fef98577ec19cacf62476b0c94b06a.jpg","来自：小白厨艺班 主题站","2018-03-14","73"
"这个香喷喷的馅饼外皮酥脆，鲜美多汁，咬一口香极了！","http://www.douguo.com/article/detail/4000","https://cp1.douguo.com/upload/post/c/6/c/c65fbeb708bbc0633cd92516710de2bc.jpg","来自：小白厨艺班 主题站","2018-03-13","74"
"用鸡蛋做早餐，我能连吃30天不重样！","http://www.douguo.com/article/detail/3999","https://cp1.douguo.com/upload/post/b/8/b/b83a167c65bf5d274ded3f1c1e443dbb.jpg","来自：小白厨艺班 主题站","2018-03-12","75"
"麦当劳人气No.1的招牌小食，8步搞定超简单！","http://www.douguo.com/article/detail/3998","https://cp1.douguo.com/upload/post/c/6/b/c6e53f35f6edb5e64b278927c06493cb.jpg","来自：小白厨艺班 主题站","2018-03-12","76"
"匠心所制 保鲜艺术 松下发布2018健康冰箱新品","http://www.douguo.com/article/detail/3996","https://cp1.douguo.com/upload/post/2/e/6/2ebb9e318f2f5162c93543f6662fef86.png","来自：厨房装备研究院 主题站","2018-03-09","77"
"2020年将实现200亿销售额目标 ——松下召开2018年家电战略发布会","http://www.douguo.com/article/detail/3995","https://cp1.douguo.com/upload/post/3/7/2/37903566828932163c99a1c591678d12.png","来自：食界大咖秀 主题站","2018-03-08","78"
"做烘焙很难？这款奶冻第一个不服！","http://www.douguo.com/article/detail/3994","https://cp1.douguo.com/upload/post/6/f/b/6f67fb31d764f4443b309f2953a6ca8b.jpg","来自：小白厨艺班 主题站","2018-03-01","79"
"这个平底锅烙的饼，外皮香酥，内里松软，白嘴也能吃5个！","http://www.douguo.com/article/detail/3993","https://cp1.douguo.com/upload/post/3/7/d/37cd7892d17a206f370e7e88f41480bd.jpg","来自：小白厨艺班 主题站","2018-02-27","80"
"春天煲汤好处多！这些美味满满的养生汤，润燥除湿又养颜！","http://www.douguo.com/article/detail/3992","https://cp1.douguo.com/upload/post/0/1/a/01635adfdcaa3928daab2fe93a494e2a.jpg","来自：小白厨艺班 主题站","2018-02-27","81"
