"id","img","title"
"1","https://i1.douguo.com//static/img/huodong/2016/cartoon/cart2_1.jpg?v=171011","美味的夜宵"
"2","https://i1.douguo.com//static/img/huodong/2016/cartoon/cart2_2.jpg?v=171011","绿色的早餐"
"3","https://i1.douguo.com//static/img/huodong/2016/cartoon/cart2_3.jpg?v=171011","好吃的面"
"4","https://i1.douguo.com//static/img/huodong/2016/cartoon/cart2_4.jpg?v=171011","汤圆-夜宵"
"5","https://i1.douguo.com//static/img/huodong/2016/cartoon/cart2_5.jpg?v=171011","暖暖的晚餐"
"6","https://i1.douguo.com//static/img/huodong/2016/cartoon/cart2_6.jpg?v=171011","午饭的诱惑"
"7","https://i1.douguo.com//static/img/huodong/2016/cartoon/cart2_19.jpg?v=171011","一月小寒&大寒"
"8","https://i1.douguo.com//static/img/huodong/2016/cartoon/cart2_20.jpg?v=171011","二月立春&雨水"
"9","https://i1.douguo.com//static/img/huodong/2016/cartoon/cart2_21.jpg?v=171011","三月春风&惊蛰"
"10","https://i1.douguo.com//static/img/huodong/2016/cartoon/cart2_10.jpg?v=171011","四月谷雨&清明"
"11","https://i1.douguo.com//static/img/huodong/2016/cartoon/cart2_11.jpg?v=171011","五月立夏&小满"
"12","https://i1.douguo.com//static/img/huodong/2016/cartoon/cart2_12.jpg?v=171011","六月芒种&夏至"
"13","https://i1.douguo.com//static/img/huodong/2016/cartoon/cart2_13.jpg?v=171011","七月小暑&大暑"
"14","https://i1.douguo.com//static/img/huodong/2016/cartoon/cart2_14.jpg?v=171011","八月立秋&处暑"
"15","https://i1.douguo.com//static/img/huodong/2016/cartoon/cart2_15.jpg?v=171011","九月白露&秋分"
"16","https://i1.douguo.com//static/img/huodong/2016/cartoon/cart2_16.jpg?v=171011","十月寒露&霜降"
"17","https://i1.douguo.com//static/img/huodong/2016/cartoon/cart2_17.jpg?v=171011","十一月立冬&小雪"
"18","https://i1.douguo.com//static/img/huodong/2016/cartoon/cart2_18.jpg?v=171011","十二月冬至&大雪"
"19","https://i1.douguo.com//static/img/huodong/2016/cartoon/cart2_22.jpg?v=171011","拌面"
"20","https://i1.douguo.com//static/img/huodong/2016/cartoon/cart2_23.jpg?v=171011","蜂蜜厚多士"
"21","https://i1.douguo.com//static/img/huodong/2016/cartoon/cart2_24.jpg?v=171011","曲奇"
"22","https://i1.douguo.com//static/img/huodong/2016/cartoon/cart2_25.jpg?v=171011","石锅拌饭"
"23","https://i1.douguo.com//static/img/huodong/2016/cartoon/cart2_26.jpg?v=171011","沙拉"
