"title","titleurl","img","major","pinf","headiconurl","headicon","img01"
"懒人减肥熬夜必备的紫薯银耳汤，美容养颜瘦身佳品","https://www.douguo.com/cookbook/2298340.html","https://cp1.douguo.com/upload/caiku/b/7/6/400x266_b7c34737f74e44d1c3554002c308cd56.jpeg","银耳,紫薯,冰糖,葡萄干 ","5分","https://www.douguo.com/u/u00254207773398.html","
                             爱烘焙的小小邓儿
                        ","https://tx1.douguo.com/upload/photo/2/4/3/70_u00254207773398174753.jpeg"
"美容养颜又瘦身的——海底捞番茄火锅","https://www.douguo.com/cookbook/1479066.html","https://cp1.douguo.com/upload/caiku/a/7/3/400x266_a79d0b1e228ceb65e8489246167e3783.jpeg","番茄（中等）,番茄沙司,水,家乐浓汤宝,各式蔬菜,各式丸子 ","4.9分","https://www.douguo.com/u/u64016598623859.html","
                             松鼠鱼77
                        ","https://tx1.douguo.com/upload/photo/2/2/e/70_u6401659862385905232315.jpg"
"瘦身美容菜~粉蒸胡萝卜","https://www.douguo.com/cookbook/2028414.html","https://cp1.douguo.com/upload/caiku/e/c/9/400x266_ec8c4e4858b9fae1451258a84de9a6f9.jpg","胡萝卜,面粉 ","4.5分","https://www.douguo.com/u/u25734083816689.html","
                             马牙牙
                        ","https://tx1.douguo.com/upload/photo/c/1/c/70_u25734083816689104910.jpg"
"寒冬已至，这一口白切羊肉让你暖到心头","https://www.douguo.com/cookbook/3020654.html","https://cp1.douguo.com/upload/caiku/7/4/0/400x266_7496570a16213a668607b28167dee1f0.JPG","羊肉,姜片,葱结,花椒,生抽,香葱末,辣椒粉,热油 ","5分","https://www.douguo.com/u/u15733017244446.html","
                             鱼小厨
                        ","https://tx1.douguo.com/upload/photo/6/1/8/70_u15733017244446154503.jpeg"
"海底椰雪梨银耳糕","https://www.douguo.com/cookbook/3021041.html","https://cp1.douguo.com/upload/caiku/2/7/1/400x266_2787f86be867bb47e6ff69b01c911161.jpg","海底椰,银耳,雪梨,纯水,冰糖,白凉粉,桂花蜜 ",,"https://www.douguo.com/u/u20468009171777.html","
                             爱生活的馋猫
                        ","https://tx1.douguo.com/upload/photo/c/d/5/70_cd33d929257fc70b95da84aad266f175.jpg"
"掌握五点银耳快速熬出胶——煮一锅美容瘦身的木瓜银耳羹","https://www.douguo.com/cookbook/1133598.html","https://cp1.douguo.com/upload/caiku/9/2/5/400x266_92bce66273fc1ecd652e142d687c6655.jpg","干银耳,干枣片,木瓜,莲子 ","4.7分","https://www.douguo.com/u/u02470480324162.html","
                             苏苏爱美食WH
                        ","https://tx1.douguo.com/upload/photo/4/3/3/70_u0247048032416208070635.jpg"
"瘦身美容菜~韭菜辣椒炒蛋","https://www.douguo.com/cookbook/2053309.html","https://cp1.douguo.com/upload/caiku/0/f/0/400x266_0fe3110cd659567b244b4b5ae1b50470.jpg","鸡蛋,韭菜,大蒜 ","5分","https://www.douguo.com/u/u25734083816689.html","
                             马牙牙
                        ","https://tx1.douguo.com/upload/photo/c/1/c/70_u25734083816689104910.jpg"
"瘦身美容养颜水果奶昔","https://www.douguo.com/cookbook/1138626.html","https://cp1.douguo.com/upload/caiku/0/9/1/400x266_09a686d0a4b71de6eff25371a9d7dcf1.jpg","酸奶,草莓,火龙果,芒果,蜂蜜,薄荷叶 ","4分","https://www.douguo.com/u/u13970025562103.html","
                             红薯花园
                        ","https://tx1.douguo.com/upload/photo/a/8/9/70_u13970025562103180700.jpg"
"祛湿美容瘦身 红枣薏米粥","https://www.douguo.com/cookbook/1420885.html","https://cp1.douguo.com/upload/caiku/f/f/2/400x266_ffdd52f2edd53352d4efec8fdcc1bba2.jpeg","薏米,红豆（赤小豆）,荞麦,燕麦,葛根,枸杞,红枣,黄冰糖 ","5分","https://www.douguo.com/u/u68898662898403.html","
                             风到自然晴
                        ","https://tx1.douguo.com/upload/photo/3/d/5/70_u68898662898403125817.jpeg"
"【美容瘦身汤】冬瓜豆芽玉米汤","https://www.douguo.com/cookbook/1400217.html","https://cp1.douguo.com/upload/caiku/6/e/b/400x266_6e3b161357e7a0e43bda3cbc04a5955b.jpg","冬瓜,绿豆芽,玉米,淀粉,菜籽油,胡椒粉,盐,水 ","4.8分","https://www.douguo.com/u/u3574750219030.html","
                             咫尺光年-爱如初见
                        ","https://tx1.douguo.com/upload/photo/1/0/e/70_u3574750219030220248.jpg"
"减脂瘦身美容抗癌就吃它~芥末菌菇炖豆腐","https://www.douguo.com/cookbook/2978466.html","https://cp1.douguo.com/upload/caiku/f/7/e/400x266_f7bab9642248131aaa162df3cc05954e.jpg","韧豆腐,白玉菇,鲜香菇,冠利美式芥末酱,生抽,盐,花生油,大蒜,香葱沫,清水 ",,"https://www.douguo.com/u/u28835383715913.html","
                             开心食记
                        ","https://tx1.douguo.com/upload/photo/8/e/6/70_8e0ac64acaa10e4f43d102c597be5b76.jpg"
"挑食孩子的最爱，红萝卜炒西兰花，减肥瘦身又美容养颜","https://www.douguo.com/cookbook/1098678.html","https://cp1.douguo.com/upload/caiku/1/f/4/400x266_1fa2959ac79e4400d61f4027834b7d54.jpg","红萝卜,西兰花,蒜,淀粉 ","4.7分","https://www.douguo.com/u/u20463571489655.html","
                             只是坏脾气的姑娘
                        ","https://tx1.douguo.com/upload/photo/1/8/f/70_u20463571489655101606.jpg"
"初夏瘦身美容餐桌上解腻开胃的麻辣手撕五花肉包菜","https://www.douguo.com/cookbook/1376769.html","https://cp1.douguo.com/upload/caiku/c/4/9/400x266_c4e96abb4efb1fe8ae5435dbcf0a1f09.jpg","包菜（卷心菜） 　　 ","5分","https://www.douguo.com/u/u04573908270053.html","
                             摩西膳坊
                        ","https://tx1.douguo.com/upload/photo/5/9/a/70_u0457390827005301271754.jpg"
"特百惠教你做美容瘦身的柠檬果醋（附果醋饮用方法和时间）","https://www.douguo.com/cookbook/1535727.html","https://cp1.douguo.com/upload/caiku/d/f/1/400x266_df9c827e7d4281a3848bf12751ba38f1.jpg","柠檬 ","5分","https://www.douguo.com/u/u51890312959544.html","
                             Tup苹果妈妈
                        ","https://tx1.douguo.com/upload/photo/8/6/6/70_u51890312959544111356.jpg"
"夏季美容瘦身―红枣绿豆粥","https://www.douguo.com/cookbook/1572120.html","https://cp1.douguo.com/upload/caiku/3/1/f/400x266_31a2fe29e74e475a0e176a2273472bbf.jpg","绿豆,红枣,大米 ",,"https://www.douguo.com/u/u33643522473883.html","
                             厨娘大莉莉
                        ","https://tx1.douguo.com/upload/photo/2/2/6/70_u33643522473883152054.jpg"
"奶香南瓜羹 - 营养美味还能美容瘦身的早餐","https://www.douguo.com/cookbook/1707993.html","https://cp1.douguo.com/upload/caiku/9/0/4/400x266_90fdb16c0bb969d0925d6dc78b99f8a4.jpg","南瓜,牛奶,核桃果仁,葡萄干,苦菊 ","4分","https://www.douguo.com/u/u69795432659258.html","
                             青青美厨
                        ","https://tx1.douguo.com/upload/photo/9/1/d/70_u69795432659258144517.jpg"
"美容养颜又瘦身的【南瓜山楂奶昔】","https://www.douguo.com/cookbook/2355239.html","https://cp1.douguo.com/upload/caiku/1/0/3/400x266_100a7b6d6f2510dca5fcccb0c2e07e63.jpg","南瓜,牛奶,山楂,白糖 ",,"https://www.douguo.com/u/u96983810610342.html","
                             虫子小c姐的厨房日记
                        ","https://tx1.douguo.com/upload/photo/5/f/d/70_u96983810610342095322.jpg"
"燕麦美容瘦身粥","https://www.douguo.com/cookbook/1170476.html","https://cp1.douguo.com/upload/caiku/d/2/8/400x266_d268c79eb5ace97eb0a33ceb8f2637a8.jpg","燕麦,桂圆,红枣 ","5分","https://www.douguo.com/u/u7649973766955.html","
                             是小姿啊
                        ","https://tx1.douguo.com/upload/photo/2/1/6/70_215e081426a0762430e0a9b34d8a0d36.jpg"
"美容瘦身南瓜饼","https://www.douguo.com/cookbook/1428310.html","https://cp1.douguo.com/upload/caiku/1/0/8/400x266_1049c329e60621c4deae27d703d3eb18.jpg","蒸熟的南瓜,糯米粉,粘米粉 ","5分","https://www.douguo.com/u/u18664764.html","
                             蓝冰滢
                        ","https://tx1.douguo.com/upload/photo/2/1/0/70_u18664764193727.jpg"
"能瘦身还美容 世界卫生组织都推荐的菊苣藜麦沙拉#爽口凉菜#","https://www.douguo.com/cookbook/2302452.html","https://cp1.douguo.com/upload/caiku/c/b/7/400x266_cb1e666f1d66f9210e0d4c5d629f3707.jpg","红菊苣,苦菊,藜麦,小番茄,彩椒,盐,葡萄酒醋,白糖 ",,"https://www.douguo.com/u/u57758153678786.html","
                             蜜糖姐姐说
                        ","https://tx1.douguo.com/upload/photo/b/7/b/70_b71fd19057fdcbea142009859decab3b.jpg"
"美容养颜瘦身的花茶","https://www.douguo.com/cookbook/1513551.html","https://cp1.douguo.com/upload/caiku/e/1/d/400x266_e1ef04c5cf0c622f1fe7f15aea7f406d.jpg","熟决明子 ","5分","https://www.douguo.com/u/u1532991777778.html","
                             lin悠然11
                        ","https://tx1.douguo.com/upload/photo/e/d/e/70_u1532991777778081527.jpeg"
"两分钟就能搞定的早餐，颜值满分，还能美容瘦身，简直不要太美好","https://www.douguo.com/cookbook/1602139.html","https://cp1.douguo.com/upload/caiku/5/8/e/400x266_581e7e699376185bb0e861a937fef88e.png","吐司,火腿肠,各类蔬菜,圣女果,鸡蛋 ","5分","https://www.douguo.com/u/u56666658319037.html","
                             Miu的食光记
                        ","https://tx1.douguo.com/upload/photo/b/c/c/70_u5666665831903707131601.jpg"
"瘦身美容养颜柠檬膏","https://www.douguo.com/cookbook/1365070.html","https://cp1.douguo.com/upload/caiku/4/5/e/400x266_45e319da746dbb51323834e69899745e.jpg","柠檬 ",,"https://www.douguo.com/u/u55829937792259.html","
                             酱好生活的小厨房
                        ","https://tx1.douguo.com/upload/photo/5/8/4/70_u55829937792259071847.jpg"
"VOSS瘦身美容冷浸茶","https://www.douguo.com/cookbook/1677143.html","https://cp1.douguo.com/upload/caiku/a/9/f/400x266_a996aa490e6ab8ccc3c14e91648c379f.jpg","VOSS（芙丝）天然泉水,大红袍 ",,"https://www.douguo.com/u/u35928460932704.html","
                             *star丶时光
                        ","https://tx1.douguo.com/upload/photo/a/1/1/70_u35928460932704100453.jpg"
"美容瘦身届的超级网红，别说你还没吃过奇亚籽！","https://www.douguo.com/cookbook/1703747.html","https://cp1.douguo.com/upload/caiku/c/a/9/400x266_cac3485225630498d4c147ccf63c6169.jpg","奇亚籽,牛奶,可可粉,抹茶粉,谷物脆,蜂蜜,酸奶、蓝莓、车厘子 ",,"https://www.douguo.com/u/u05325986617904.html","
                             马卡龙小魔女
                        ","https://tx1.douguo.com/upload/photo/7/3/f/70_u05325986617904185709.jpeg"
"【美容瘦身降火】绿豆薏仁汤","https://www.douguo.com/cookbook/1271068.html","https://cp1.douguo.com/upload/caiku/6/5/2/400x266_6581f2e92f264c851c01f4444562d982.jpg","薏仁,绿豆,蜂蜜,水 ","4.5分","https://www.douguo.com/u/u2036226662175.html","
                             yu叶子
                        ","https://tx1.douguo.com/upload/photo/2/4/5/70_u2036226662175005309.jpeg"
"最有效逆生长的秘方=全能美容瘦身抗癌的苹果胡萝卜果汁","https://www.douguo.com/cookbook/1309833.html","https://cp1.douguo.com/upload/caiku/b/0/8/400x266_b09397ad3d2964e557060833ed81d3b8.jpg","苹果,胡萝卜 ","5分","https://www.douguo.com/u/u04573908270053.html","
                             摩西膳坊
                        ","https://tx1.douguo.com/upload/photo/5/9/a/70_u0457390827005301271754.jpg"
"美容瘦身   毛豆椰汁","https://www.douguo.com/cookbook/1210753.html","https://cp1.douguo.com/upload/caiku/c/9/6/400x266_c9cb094ea5f3673d6bcb880f0b5a95d6.jpg","毛豆,椰汁 ","4分","https://www.douguo.com/u/u29943732581999.html","
                             丰盛的餐桌
                        ","https://tx1.douguo.com/upload/photo/6/6/7/70_u29943732581999224436.jpg"
"冰糖炖柠檬膏，你的瘦身美容佳品","https://www.douguo.com/cookbook/2438545.html","https://cp1.douguo.com/upload/caiku/e/b/c/400x266_ebfa3edb3c0be556c57dfb26f5fbcdbc.jpg","柠檬切片,黄冰糖 ",,"https://www.douguo.com/u/u48680242571756.html","
                             大颖的美味生活
                        ","https://tx1.douguo.com/upload/photo/5/a/5/70_5add4f3c6738b9e4d5f94589c29c39a5.jpg"
"健脾开胃美容瘦身  酸辣魔芋丝","https://www.douguo.com/cookbook/1348498.html","https://cp1.douguo.com/upload/caiku/2/b/9/400x266_2b937c531654acf769fb629ee3c11049.jpg","魔芋丝,木耳,黄瓜,醋,酱油,香油,盐,尖椒,花生碎 ",,"https://www.douguo.com/u/u78364915664063.html","
                             有鹿
                        ","https://tx1.douguo.com/upload/photo/5/8/1/70_u78364915664063053946.jpg"
"洛神花茶（美容、瘦身）","https://www.douguo.com/cookbook/1404361.html","https://cp1.douguo.com/upload/caiku/a/a/a/400x266_aad1d9cf390e1dc8ea535aabcbb0166a.jpeg","洛神花,冰糖或蜂蜜 ",,"https://www.douguo.com/u/u191689498837.html","
                             N小骨头N
                        ","https://tx1.douguo.com/upload/photo/c/d/1/70_cdc0d47914a1261d7b4c72e682899c01.jpg"
"瘦身早餐#急速早餐#","https://www.douguo.com/cookbook/1339282.html","https://cp1.douguo.com/upload/caiku/6/5/0/400x266_659e0dda8ca6b080b81a613e956de350.jpg","鸡蛋,牛奶,蜂蜜,腰果,葡萄,苹果 ","5分","https://www.douguo.com/u/u05355762986755.html","
                             Da梅梅
                        ","https://tx1.douguo.com/upload/photo/c/c/2/70_u05355762986755212831.jpeg"
"瘦身祛湿汤","https://www.douguo.com/cookbook/2307034.html","https://cp1.douguo.com/upload/caiku/e/d/2/400x266_edd60d3026af8cd3cf930258c28cc722.jpg","梅花肉,薏米,赤小豆,莲子,芡实,食盐,姜片,料酒 ",,"https://www.douguo.com/u/u0949685087409.html","
                             赵磨磨
                        ","https://tx1.douguo.com/upload/photo/f/7/d/70_u0949685087409062544.jpg"
"瘦身食谱","https://www.douguo.com/cookbook/1173987.html","https://cp1.douguo.com/upload/caiku/2/7/7/400x266_27c9aff623a439529897c2c296540de7.jpg","红豆,绿豆,山楂,红枣,水 ",,"https://www.douguo.com/u/u79344670208430.html","
                             smileluo
                        ","https://tx1.douguo.com/upload/photo/1/4/4/70_u79344670208430210800.jpg"
"瘦身炒饭","https://www.douguo.com/cookbook/2295491.html","https://cp1.douguo.com/upload/caiku/8/a/8/400x266_8a950e0a34c4c51b8973a4d5a6856e68.jpg","米饭,日本豆腐,鸡蛋,百合,蒜,盐,油 ",,"https://www.douguo.com/u/u90993595232140.html","
                             三角猫__
                        ","https://tx1.douguo.com/upload/photo/d/a/b/70_u90993595232140113349.jpg"
"瘦身粥","https://www.douguo.com/cookbook/1383491.html","https://cp1.douguo.com/upload/caiku/5/c/4/400x266_5c1cbd9cd679b6b233a3b052ffb6b8b4.jpeg","莲子 红枣 枸杞 小米 紫薯 即食燕麦 ",,"https://www.douguo.com/u/u57793050259391.html","
                             大姐姐ssss
                        ","https://tx1.douguo.com/upload/photo/3/e/7/70_u57793050259391175526.jpeg"
"瘦身早餐#爱乐甜夏日轻脂甜蜜#","https://www.douguo.com/cookbook/2511106.html","https://cp1.douguo.com/upload/caiku/e/e/4/400x266_eeb319f8ce562335473718ff25de28b4.jpg","爱乐甜,牛奶,黑苦荞燕麦,西蓝花虾,椒盐和醋 ",,"https://www.douguo.com/u/u89583338878333.html","
                             乐呵呵的私房菜
                        ","https://tx1.douguo.com/upload/photo/b/5/b/70_b5b4eae85218f67d260af63192f4ed3b.jpg"
"瘦身吐司","https://www.douguo.com/cookbook/1218780.html","https://cp1.douguo.com/upload/caiku/e/d/1/400x266_edb3f99009c9c6cc540253c2ececf7a1.jpg","吐司,鸡蛋,虾,奶酪,洋葱 ",,"https://www.douguo.com/u/u34098532185120.html","
                             我就是想叫考拉
                        ","https://tx1.douguo.com/upload/photo/4/d/1/70_4d5cfdc530442b44ab64167964278d51.jpg"
"瘦身燕窝","https://www.douguo.com/cookbook/1167915.html","https://cp1.douguo.com/upload/caiku/3/8/d/400x266_3815a62ca3de24c1fbc32f6dedc6ea6d.jpg","燕窝,红枣,枸杞,冰糖 ",,"https://www.douguo.com/u/u29290513438817.html","
                             末班车40
                        ","https://tx1.douguo.com/upload/photo/a/a/5/70_u29290513438817143324.jpg"
"美容桃胶","https://www.douguo.com/cookbook/2971694.html","https://cp1.douguo.com/upload/caiku/7/7/5/400x266_77af74a0c5e48be6705e3a2441950d95.jpeg","桃胶,雪燕,皂角米,冰糖,红枣,枸杞,牛奶 ",,"https://www.douguo.com/u/u71367194561437.html","
                             林颗粒
                        ","https://tx1.douguo.com/upload/photo/5/e/1/70_5e71cc7d4040281d51053779bb10d041.jpeg"
"美容糖水","https://www.douguo.com/cookbook/1241124.html","https://cp1.douguo.com/upload/caiku/e/d/3/400x266_ed94548e75089043cd749b0dca8636e3.jpg","绿豆红米银耳糯米小米 ",,"https://www.douguo.com/u/u37189166245588.html","
                             豆粉1891664
                        ","https://tx1.douguo.com/upload/photo/e/7/a/70_u37189166245588144608.jpg"
"美容虾","https://www.douguo.com/cookbook/1204269.html","https://cp1.douguo.com/upload/caiku/f/8/e/400x266_f8f394918fa11ed0a89a8529be2ec7ee.jpg","明虾,酱油,牛奶,盐 ",,"https://www.douguo.com/u/u22967935138350.html","
                             谢康婷啊
                        ","https://tx1.douguo.com/upload/photo/3/a/a/70_u22967935138350225311.jpeg"
"美容甜品","https://www.douguo.com/cookbook/1274700.html","https://cp1.douguo.com/upload/caiku/d/7/f/400x266_d796975a6608da8f209b842944ab2cbf.jpg","红豆,莲子,小麦,花生,薏米,牛奶,红糖 ",,"https://www.douguo.com/u/u42740623672877.html","
                             陈一起3
                        ","https://tx1.douguo.com/upload/photo/9/8/0/70_u42740623672877171850.jpg"
"美容凤爪","https://www.douguo.com/cookbook/1148668.html","https://cp1.douguo.com/upload/caiku/0/4/6/400x266_047815fd607496fb663496644dd3f3e6.jpg","凤爪,姜片,料酒,老抽,白糖,黄豆酱,蚝油 ","5分","https://www.douguo.com/u/u17366449606598.html","
                             宝宝妞1213
                        ","https://tx1.douguo.com/upload/photo/2/8/1/70_u17366449606598230508.jpg"
"美容蛋","https://www.douguo.com/cookbook/1225832.html","https://cp1.douguo.com/upload/caiku/0/4/9/400x266_0485f33772a0a70e925c1430e4132c59.jpg","蛋,白沙糖 ",,"https://www.douguo.com/u/u25479135876605.html","
                             豆粉479135
                        ","https://tx1.douguo.com/upload/photo/b/1/e/70_u25479135876605191358.jpg"
"美容豆浆","https://www.douguo.com/cookbook/1343796.html","https://cp1.douguo.com/upload/caiku/b/6/e/400x266_b6faa7e14210085d38f1784262a5630e.jpeg","黄豆,红枣,枸杞,水 ",,"https://www.douguo.com/u/u37561089796712.html","
                             小小慧慧喵
                        ","https://tx1.douguo.com/upload/photo/8/3/a/70_u37561089796712201816.jpeg"
"美容养颜","https://www.douguo.com/cookbook/1364633.html","https://cp1.douguo.com/upload/caiku/9/9/3/400x266_999b933d6d0034f882f2e3f26b23e783.jpg","黄瓜,玉米,盐 ",,"https://www.douguo.com/u/u60206462106459.html","
                             萱萱家食品
                        ","https://tx1.douguo.com/upload/photo/e/f/2/70_u60206462106459191500.jpg"
"美容果汁","https://www.douguo.com/cookbook/1466791.html","https://cp1.douguo.com/upload/caiku/a/2/9/400x266_a2708452debbff2ca67d7b12edb798b9.jpg","牛油果,珍珠石榴 ",,"https://www.douguo.com/u/u74965133888832.html","
                             王木木mm木木三
                        ","https://tx1.douguo.com/upload/photo/5/7/8/70_u74965133888832104607.jpg"
"美容养颜","https://www.douguo.com/cookbook/1705318.html","https://cp1.douguo.com/upload/caiku/4/d/5/400x266_4d9421c91703eab85356be7b0fbb2a05.jpg","大西瓜   1个,橙子        1个,草莓          5个,蜂蜜           适量,大冰块          10颗 ",,"https://www.douguo.com/u/u3050641673057.html","
                             豆粉9756422346
                        ","https://tx1.douguo.com/upload/photo/3/5/d/70_u3050641673057193908.jpg"
"养生美容","https://www.douguo.com/cookbook/1601864.html","https://cp1.douguo.com/upload/caiku/b/0/7/400x266_b01c74fba3a897b1336fc65dbfa22f97.jpeg","红枣,银耳,莲子,枸杞,桂圆,冰糖 ",,"https://www.douguo.com/u/u69343068611238.html","
                             家有一坨猫
                        ","https://tx1.douguo.com/upload/photo/d/a/7/70_u69343068611238183731.jpeg"
"瘦身三丁","https://www.douguo.com/cookbook/1390694.html","https://cp1.douguo.com/upload/caiku/5/b/4/400x266_5bf0826178caea32cfaed52797eef464.jpeg","鸡胸肉,胡萝卜,香菇,姜,大蒜,盐,鸡精,尖椒,淀粉,生抽,黑胡椒 ","4.9分","https://www.douguo.com/u/u64420507935378.html","
                             糖糖儿CC
                        ","https://tx1.douguo.com/upload/photo/a/b/e/70_u64420507935378170039.jpeg"
"瘦身汤","https://www.douguo.com/cookbook/1609040.html","https://cp1.douguo.com/upload/caiku/1/4/5/400x266_1423ecae33fb02a001552748e313e965.jpeg","洋葱,胡萝卜,芹菜,西红柿,甜玉米,青笋,盐,胡椒 ","5分","https://www.douguo.com/u/u51387346629208.html","
                             何必打扰。mter
                        ","https://tx1.douguo.com/upload/photo/7/b/9/70_u51387346629208113111.jpeg"
"瘦身沙拉","https://www.douguo.com/cookbook/1452409.html","https://cp1.douguo.com/upload/caiku/f/a/8/400x266_fa9a0e1876cad76667a33bd296f4dc48.jpeg","鸡胸肉,苦菊,生菜,胡萝卜,黄瓜,紫甘蓝,鸡蛋,沙拉酱,柠檬,面包,玉米,西兰花,橄榄油,醋 ","5分","https://www.douguo.com/u/u67099260253838.html","
                             这是旅途
                        ","https://tx1.douguo.com/upload/photo/3/b/8/70_u67099260253838140540.jpeg"
"皮蛋瘦身粥","https://www.douguo.com/cookbook/1491559.html","https://cp1.douguo.com/upload/caiku/d/e/1/400x266_dee21f4b349e4efac3f6c9e7deb16b01.jpg","糯米,大米,瘦肉,皮蛋 ","5分","https://www.douguo.com/u/u45644637165875.html","
                             斯佳丽
                        ","https://tx1.douguo.com/upload/photo/7/4/f/70_u45644637165875105753.jpg"
"春天的瘦身寿司","https://www.douguo.com/cookbook/1525616.html","https://cp1.douguo.com/upload/caiku/c/8/b/400x266_c8e48ead1bdd6ee5ab9d2b963a3fbf0b.jpg","米饭,醋（用的红醋）,寿司卷,紫菜卷,黄瓜,水果,牛肉丝,银耳,盐,酸奶,香肠 ",,"https://www.douguo.com/u/u48506006215615.html","
                             青葱玉
                        ","https://tx1.douguo.com/upload/photo/1/b/1/70_u48506006215615115346.jpg"
"营养瘦身面","https://www.douguo.com/cookbook/1435000.html","https://cp1.douguo.com/upload/caiku/9/0/c/400x266_90c09739ba636b6e9a464f659cfefedc.jpg","西红柿、白菜、鸡蛋、面条 ","4分","https://www.douguo.com/u/u66342205791071.html","
                             清风拂面树叶无声
                        ","https://tx1.douguo.com/upload/photo/6/8/4/70_u66342205791071113501.jpg"
"瘦身拌面","https://www.douguo.com/cookbook/1385254.html","https://cp1.douguo.com/upload/caiku/6/9/d/400x266_69001db7b9f330e442f68f3d45b0a9ed.jpg","荷兰豆,香菇,挂面,大葱,大蒜 ","4分","https://www.douguo.com/u/u64355923341514.html","
                             Jackie小静
                        ","https://tx1.douguo.com/upload/photo/b/b/2/70_u64355923341514213446.jpg"
"美味瘦身便当","https://www.douguo.com/cookbook/1448458.html","https://cp1.douguo.com/upload/caiku/8/a/3/400x266_8a3ce3fd25f9eb54f347382a8d3950b3.jpg","胡萝卜,豆角,鸡蛋 ",,"https://www.douguo.com/u/u70555497977612.html","
                             沙中玉
                        ","https://tx1.douguo.com/upload/photo/0/e/b/70_u70555497977612072420.jpg"
"瘦身芋头蛋糕","https://www.douguo.com/cookbook/1285708.html","https://cp1.douguo.com/upload/caiku/8/1/5/400x266_811305588aeba5fb72543e6a9b2d50d5.jpg","鸡蛋,低粉,白糖,芋头 ",,"https://www.douguo.com/u/u42760739989722.html","
                             美厨娘小牛牛
                        ","https://tx1.douguo.com/upload/photo/6/e/4/70_u42760739989722074419.jpg"
"茶酵素＊瘦身＊","https://www.douguo.com/cookbook/1160330.html","https://cp1.douguo.com/upload/caiku/3/a/a/400x266_3a363da2267ea538d5d6f9deabab624a.jpg","新鲜茶叶,红糖,水 ",,"https://www.douguo.com/u/u29427914280168.html","
                             ◣♂悔悔♂◢
                        ","https://tx1.douguo.com/upload/photo/a/e/6/70_u29427914280168020454.jpg"
"瘦身西米捞","https://www.douguo.com/cookbook/1485481.html","https://cp1.douguo.com/upload/caiku/c/d/f/400x266_cdbfe087b22180f9c9863a08afad73df.jpg","水仙芒果,西米,牛奶/椰奶,蜂蜜/白糖 ","5分","https://www.douguo.com/u/u97531076899333.html","
                             只是回不去的曾经
                        ","https://tx1.douguo.com/upload/photo/1/e/6/70_u97531076899333211201.jpg"
"瘦身果蔬汁一#单挑夏天#","https://www.douguo.com/cookbook/1584699.html","https://cp1.douguo.com/upload/caiku/7/4/4/400x266_74b212850521609e3889c5e8fb4f5dd4.jpg","苹果,胡萝卜,柠檬,生姜 ",,"https://www.douguo.com/u/u09810057131140.html","
                             深蓝小米粥
                        ","https://tx1.douguo.com/upload/photo/2/1/4/70_u09810057131140100356.jpg"
"夏日瘦身Smoothie#膳魔师夏日魔法甜品#","https://www.douguo.com/cookbook/1546844.html","https://cp1.douguo.com/upload/caiku/7/c/8/400x266_7ce277f811bd453cab63bb991add6888.jpeg","酸奶,树莓,即使燕麦,坚果,火龙果,香蕉,蓝莓 ","5分","https://www.douguo.com/u/u50488606893152.html","
                             土拨鼠呀ivos
                        ","https://tx1.douguo.com/upload/photo/2/b/9/70_u50488606893152180306.jpeg"
"红薯瘦身","https://www.douguo.com/cookbook/1253515.html","https://cp1.douguo.com/upload/caiku/0/5/7/400x266_05abfc3f992a0fe8235871a4e91a3627.jpg","红薯 ",,"https://www.douguo.com/u/u41279829156230.html","
                             尛、女人36
                        ","https://tx1.douguo.com/upload/photo/e/8/a/70_u41279829156230083246.jpg"
"瘦身汤","https://www.douguo.com/cookbook/1366283.html","https://cp1.douguo.com/upload/caiku/1/5/6/400x266_15a052864f4afc235f1eab6fee764356.jpeg","瘦肉,西红柿,香菜,鸡蛋 ",,"https://www.douguo.com/u/u53106439133715.html","
                             盈绿
                        ","https://tx1.douguo.com/upload/photo/2/6/8/70_u53106439133715203732.jpeg"
"瘦身赤豆粉","https://www.douguo.com/cookbook/1558158.html","https://cp1.douguo.com/upload/caiku/9/d/c/400x266_9d58230f3c5b1902c711f50cb9f4b8ac.jpeg","红小豆 ",,"https://www.douguo.com/u/u54579960996708.html","
                             vanessasummer
                        ","https://tx1.douguo.com/upload/photo/a/1/2/70_u54579960996708184121.jpeg"
"瘦身汤","https://www.douguo.com/cookbook/1387225.html","https://cp1.douguo.com/upload/caiku/0/6/d/400x266_06b9390bf663e4d6230533cfa512b79d.jpg","西红柿,芹菜,洋葱,卷心菜,杭椒,盐,糖 ",,"https://www.douguo.com/u/u47030771838906.html","
                             琛香
                        ","https://tx1.douguo.com/upload/photo/c/2/c/70_u47030771838906160310.jpg"
"瘦身蔬果汤","https://www.douguo.com/cookbook/1245546.html","https://cp1.douguo.com/upload/caiku/7/d/5/400x266_7d7ab3ee58c188d7c5dcd4b72e8a64a5.jpg","西红柿,洋葱,苹果,番茄酱,盐,糖,胡椒粉,大蒜 ",,"https://www.douguo.com/u/u39391910598395.html","
                             连大王rr
                        ","https://tx1.douguo.com/upload/photo/f/b/d/70_u39391910598395012225.jpg"
"瘦身红豆粉","https://www.douguo.com/cookbook/1573196.html","https://cp1.douguo.com/upload/caiku/0/4/2/400x266_04d255650fd3f299f97c98ea1e7ddce2.jpg","红豆 ",,"https://www.douguo.com/u/u98110100136034.html","
                             智障妍
                        ","https://tx1.douguo.com/upload/photo/8/8/e/70_u98110100136034152259.jpg"
"瘦身黑米胡","https://www.douguo.com/cookbook/1258763.html","https://cp1.douguo.com/upload/caiku/7/0/c/400x266_704ef6a15ff13032ef54e68c26995bcc.jpg","黑米,花生,黑芝麻,水,红糖 ",,"https://www.douguo.com/u/u19955132171218.html","
                             努力减肥的大蕃薯
                        ","https://tx1.douguo.com/upload/photo/3/7/4/70_u19955132171218124712.jpg"
"#橄榄中国味 感恩添美味#瘦身汤","https://www.douguo.com/cookbook/3015366.html","https://cp1.douguo.com/upload/caiku/7/3/1/400x266_732dead777502c9496f722e004c04931.jpg","白萝卜,白蘑菇,鱼蛋,莴笋,香菇,橄榄油,寿喜锅调料包 ",,"https://www.douguo.com/u/u68966106258257.html","
                             乐食尚
                        ","https://tx1.douguo.com/upload/photo/1/d/8/70_1d72c53cd3759a84abfa82669dbab108.jpg"
"我的瘦身午餐","https://www.douguo.com/cookbook/2420230.html","https://cp1.douguo.com/upload/caiku/7/5/6/400x266_75bbd697fcc0a42c7089a4746aa48306.jpeg","牛肉,青菜 ",,"https://www.douguo.com/u/u72605334547719.html","
                             echo5555
                        ","https://tx1.douguo.com/upload/photo/d/b/6/70_u72605334547719110554.jpeg"
"瘦身白萝卜","https://www.douguo.com/cookbook/1348863.html","https://cp1.douguo.com/upload/caiku/b/4/0/400x266_b46b50469491cdab60cb6f205d80eda0.jpg","白萝卜,白米醋,糖,盐 ","5分","https://www.douguo.com/u/u45318433752322.html","
                             一霖YILIN
                        ","https://i1.douguo.com/static/img/70.jpg"
"瘦身烧茄子","https://www.douguo.com/cookbook/1416366.html","https://cp1.douguo.com/upload/caiku/4/1/5/400x266_414977f2155237f4aec9e655eb5ac0f5.jpeg","圆茄子,西红柿,青椒,葱姜蒜,油,番茄酱,蚝油,糖,盐 ","5分","https://www.douguo.com/u/u06202780283668.html","
                             六月阳光angel
                        ","https://tx1.douguo.com/upload/photo/3/8/9/70_u06202780283668135919.jpg"
"瘦身番茄pasta","https://www.douguo.com/cookbook/1170478.html","https://cp1.douguo.com/upload/caiku/b/0/f/400x266_b0e56ac37d599599ab16c85e85834fbf.jpg","直身意面,番茄,洋葱,盐,黑胡椒碎,番茄酱,橄榄油 ","5分","https://www.douguo.com/u/u18524274810380.html","
                             魅糖人
                        ","https://tx1.douguo.com/upload/photo/d/a/5/70_u18524274810380170650.jpg"
"瘦身沙拉","https://www.douguo.com/cookbook/1431982.html","https://cp1.douguo.com/upload/caiku/e/a/f/400x266_ea4b726008853f3aed006b1867d1f65f.jpeg","全麦面包,香蕉,圣女果,生菜,酸奶,千岛酱 ","4.5分","https://www.douguo.com/u/u26061680729740.html","
                             Pink丶spoon
                        ","https://tx1.douguo.com/upload/photo/8/6/6/70_u26061680729740194626.jpeg"
"苹果瘦身茶","https://www.douguo.com/cookbook/3005793.html","https://cp1.douguo.com/upload/caiku/1/4/2/400x266_148f1a9522db0a5a6ae5e32e0760c3e2.jpeg","苹果,红枣,枸杞,清水 ",,"https://www.douguo.com/u/u31049934889941.html","
                             咖啡妹☕️
                        ","https://tx1.douguo.com/upload/photo/7/f/2/70_u31049934889941152212.jpeg"
"瘦身简餐","https://www.douguo.com/cookbook/2168067.html","https://cp1.douguo.com/upload/caiku/6/f/c/400x266_6f20fa50458ac70153906d5ab04b3fbc.jpeg","熟冻甜虾,西兰花,牛油果,藜麦,樱桃番茄,橙,甜青豆,甜玉米,鸡胸肉,荷兰黄瓜 ",,"https://www.douguo.com/u/u78585300282605.html","
                             莫嫣karen
                        ","https://tx1.douguo.com/upload/photo/b/3/e/70_u78585300282605105248.jpeg"
"瘦身养颜餐","https://www.douguo.com/cookbook/2471510.html","https://cp1.douguo.com/upload/caiku/4/6/8/400x266_46bd07ff0cffe1f0c4d508f3ca164e28.jpeg","冬瓜,冻豆腐,魔芋,木耳,海带,口菇 ",,"https://www.douguo.com/u/u83812284710035.html","
                             二次元的乌龙
                        ","https://tx1.douguo.com/upload/photo/2/4/b/70_u83812284710035200309.jpeg"
"养身瘦身粥","https://www.douguo.com/cookbook/1290328.html","https://cp1.douguo.com/upload/caiku/8/d/1/400x266_8d80b359c721ccbc789f3b152f7b8b51.jpg","糙米,粳米,胡萝卜,南瓜,水,红枣 ","3分","https://www.douguo.com/u/u19743884289028.html","
                             琪诗淼想
                        ","https://tx1.douguo.com/upload/photo/2/c/f/70_u19743884289028202915.jpg"
"瘦身沙拉","https://www.douguo.com/cookbook/1668973.html","https://cp1.douguo.com/upload/caiku/8/2/d/400x266_82f353df5d3eaa7b5767d050af19e39d.png","圆白菜,番茄,黄瓜,青椒 ",,"https://www.douguo.com/u/u73469139685233.html","
                             吃货研究院
                        ","https://tx1.douguo.com/upload/photo/9/3/0/70_u73469139685233194222.jpeg"
"瘦身养颜糊#雀巢营养早餐#","https://www.douguo.com/cookbook/1701382.html","https://cp1.douguo.com/upload/caiku/1/4/3/400x266_14adcee385c35edb8cb0a43ceb6556a3.jpg","大米,即食燕麦片,薏米,花生,水 ",,"https://www.douguo.com/u/u58184723259184.html","
                             食a色
                        ","https://tx1.douguo.com/upload/photo/3/e/b/70_u5818472325918404140825.jpg"
"美容粥","https://www.douguo.com/cookbook/1553709.html","https://cp1.douguo.com/upload/caiku/1/3/7/400x266_1352429441c0fcf33ebe387ef54e0cf7.jpg","小米,花生,红豆,薏米,赤小豆,糙米,燕麦,红米,银耳 ",,"https://www.douguo.com/u/u47816525612253.html","
                             阿刀竹就是那一棵竹子
                        ","https://tx1.douguo.com/upload/photo/8/9/f/70_u47816525612253192502.jpg"
"美容养颜的果蔬汁","https://www.douguo.com/cookbook/2435773.html","https://cp1.douguo.com/upload/caiku/d/9/4/400x266_d905a7d703d9a285788c65cc08893284.jpg","胡萝卜,苹果,火龙果,蜂蜜,饮用水 ",,"https://www.douguo.com/u/u66477897313325.html","
                             灏灏呀5203
                        ","https://tx1.douguo.com/upload/photo/8/4/1/70_84170b6b29fd7a270a6fd9c41abebc81.jpg"
"养颜美容羹","https://www.douguo.com/cookbook/2440191.html","https://cp1.douguo.com/upload/caiku/0/5/c/400x266_0571db97ca5add5d05c6e78e56425fac.jpeg","银耳半朵 桃胶4粒 皂角片6片 雪燕4粒 灰枣15颗 枸杞10颗 木瓜半个 黄冰糖少许 ",,"https://www.douguo.com/u/u99336898696732.html","
                             我的贝贝嘉
                        ","https://tx1.douguo.com/upload/photo/e/a/9/70_u99336898696732162304.jpeg"
"补血养颜美容","https://www.douguo.com/cookbook/1660341.html","https://cp1.douguo.com/upload/caiku/a/8/d/400x266_a8a28c73280543eecd52d06bf4cbea4d.jpeg","红糖,当归,生姜,花生,干玫瑰 ",,"https://www.douguo.com/u/u88487404418105.html","
                             小丑鱼啵妞
                        ","https://tx1.douguo.com/upload/photo/c/f/c/70_u88487404418105095351.jpg"
"美容养生豆浆","https://www.douguo.com/cookbook/1173464.html","https://cp1.douguo.com/upload/caiku/8/3/1/400x266_8390799d408ea3d21ddd587eb624e651.jpg","黄豆，大米，燕麦，花生，红枣，鲜玉米，枸杞 ",,"https://www.douguo.com/u/u31068430988186.html","
                             厨娘么么哒
                        ","https://tx1.douguo.com/upload/photo/e/5/e/70_u31068430988186150116.jpg"
"美容养颜雪糕","https://www.douguo.com/cookbook/1194574.html","https://cp1.douguo.com/upload/caiku/8/7/8/400x266_87dade3440323f817cb7565bdf9a7768.jpg","蓝莓 薄荷叶 草莓 芦荟果汁 ",,"https://www.douguo.com/u/u32368770818115.html","
                             私は猫です
                        ","https://tx1.douguo.com/upload/photo/e/c/3/70_u32368770818115213108.jpg"
"美容养颜甜品","https://www.douguo.com/cookbook/2053143.html","https://cp1.douguo.com/upload/caiku/9/4/3/400x266_94c718051a51624a674497596411ad63.jpeg","雪梨,柑橘,红枣,枸杞,蜂蜜 ",,"https://www.douguo.com/u/u50563403265843.html","
                             麦穗21
                        ","https://tx1.douguo.com/upload/photo/5/9/3/70_u50563403265843071550.jpg"
"苹果美容茶","https://www.douguo.com/cookbook/1580992.html","https://cp1.douguo.com/upload/caiku/e/b/0/400x266_eb86c4d1555bf5066b3a3ae2286ea280.jpeg","苹果,枸杞,蜂蜜 ","5分","https://www.douguo.com/u/u15877193611909.html","
                             婧妞美食
                        ","https://tx1.douguo.com/upload/photo/2/a/2/70_u15877193611909102038.jpg"
"美容猪脚汤","https://www.douguo.com/cookbook/1509831.html","https://cp1.douguo.com/upload/caiku/6/8/0/400x266_688de778f36d3806ce41452267bcf3f0.jpg","猪脚,老姜,黄豆,料酒，盐，葱花 ",,"https://www.douguo.com/u/u8265504127415.html","
                             ₯㎕ 红颜忆ぃゃ
                        ","https://tx1.douguo.com/upload/photo/b/3/9/70_u8265504127415180038.jpg"
"美容桃胶羹","https://www.douguo.com/cookbook/1597341.html","https://cp1.douguo.com/upload/caiku/6/9/7/400x266_69f3f786d6edb7eca0ce01e5872ccc77.jpeg","桃胶,冰糖,银耳,红枣,枸杞 ",,"https://www.douguo.com/u/u01501265278915.html","
                             食光饥
                        ","https://tx1.douguo.com/upload/photo/a/4/9/70_u01501265278915100327.jpeg"
"红烧美容猪蹄","https://www.douguo.com/cookbook/1695260.html","https://cp1.douguo.com/upload/caiku/2/7/b/400x266_27a41c24ec19de35ac7005004d8b21fb.jpg","猪蹄 ",,"https://www.douguo.com/u/u32683556462450.html","
                             最强之D
                        ","https://i1.douguo.com/static/img/70.jpg"
"美容养颜烫","https://www.douguo.com/cookbook/1573018.html","https://cp1.douguo.com/upload/caiku/6/9/5/400x266_69bdcf3a427581b5b27670aa263a01d5.jpg","大枣,猪蹄,玉米,枸杞,姜,葱 ","4分","https://www.douguo.com/u/u93547178973997.html","
                             棉花
                        ","https://tx1.douguo.com/upload/photo/3/7/f/70_u93547178973997181142.jpg"
"美容养颜豆浆","https://www.douguo.com/cookbook/1100271.html","https://cp1.douguo.com/upload/caiku/1/9/d/400x266_194094e48dabbf188c589614afaa413d.jpg","黄豆,薏米,花生,核桃,枸杞,红枣 ",,"https://www.douguo.com/u/u13811145520879.html","
                             ∝″咖啡走糖▓
                        ","https://tx1.douguo.com/upload/photo/f/0/5/70_u13811145520879231545.jpg"
"美容胶原羹","https://www.douguo.com/cookbook/1551418.html","https://cp1.douguo.com/upload/caiku/4/1/7/400x266_4180fc0c1fc8cbda9b18eaa8ac1bc9f7.jpg","皂角米,桃胶,黄冰糖,银耳,大枣,莲子,桂花或者玫瑰花 ",,"https://www.douguo.com/u/u18923435991108.html","
                             碧蓝4
                        ","https://tx1.douguo.com/upload/photo/4/2/6/70_42ca34271a4e1c94902ebd82dcf52046.jpg"
"美容营养粥","https://www.douguo.com/cookbook/1620568.html","https://cp1.douguo.com/upload/caiku/f/7/1/400x266_f7973294bfe014810b9d0a6f9fcf0ba1.jpg","米,胡萝卜,玉米粒,玉米,土豆,鸡腿,鸡精,盐 ",,"https://www.douguo.com/u/u08862302499342.html","
                             *小吃货
                        ","https://tx1.douguo.com/upload/photo/9/1/2/70_u08862302499342232600.jpg"
"黑发美容丸","https://www.douguo.com/cookbook/1206928.html","https://cp1.douguo.com/upload/caiku/2/6/e/400x266_264349b21edcab4778a884382a990ffe.jpg","黑豆,黑芝麻,核桃,桂圆,红枣,红糖,糯米粉 ",,"https://www.douguo.com/u/u25628216452559.html","
                             福星89
                        ","https://tx1.douguo.com/upload/photo/5/8/c/70_u25628216452559094913.jpg"
"美容润肺羹","https://www.douguo.com/cookbook/1213713.html","https://cp1.douguo.com/upload/caiku/0/9/5/400x266_09fe8f3b0d30d9629e38546771a3e745.jpg","银耳,冰糖,枸杞子,水 ",,"https://www.douguo.com/u/u03958182392683.html","
                             瓦素吃货小黑
                        ","https://tx1.douguo.com/upload/photo/b/9/a/70_u03958182392683185903.jpg"
"滋阴益气、美容养颜的木瓜美容汤","https://www.douguo.com/cookbook/2344590.html","https://cp1.douguo.com/upload/caiku/a/7/d/400x266_a739a11ea840ceb74a1f6ea72e5d7fcd.jpeg","木瓜,莲子,百合,银耳,枸杞,冰糖,清水 ",,"https://www.douguo.com/u/u57714140497946.html","
                             蓝胖纸叮当
                        ","https://tx1.douguo.com/upload/photo/3/d/0/70_u57714140497946201337.jpeg"
"美容补品之一(豆浆红枣美容汁)","https://www.douguo.com/cookbook/1723637.html","https://cp1.douguo.com/upload/caiku/1/1/3/400x266_118eaa0b2caa60f4ca37769170e15623.jpg","豆浆,红枣 ",,"https://www.douguo.com/u/u02336257328603.html","
                             逝去的诺言2017
                        ","https://tx1.douguo.com/upload/photo/0/4/8/70_u02336257328603134254.jpg"
"#美食视频挑战赛#美容西柚汁","https://www.douguo.com/cookbook/2483648.html","https://cp1.douguo.com/upload/caiku/d/e/8/400x266_de880a941781f56f92ac694789ef73a8.jpg","西柚,蜂蜜,矿泉水 ","5分","https://www.douguo.com/u/u73500692606886.html","
                             张小厨厨房
                        ","https://tx1.douguo.com/upload/photo/c/0/7/70_u73500692606886213440.jpg"
"养颜美容豆浆","https://www.douguo.com/cookbook/1185068.html","https://cp1.douguo.com/upload/caiku/2/3/a/400x266_23605742ba991a5211ae8c064f12cf5a.jpg","红豆,黑豆,薏米,枣干,清水,核桃仁 ","5分","https://www.douguo.com/u/u81161769739548.html","
                             九芙蓉
                        ","https://tx1.douguo.com/upload/photo/d/1/3/70_u81161769739548131339.jpg"
"淘米水美容","https://www.douguo.com/cookbook/2453387.html","https://cp1.douguo.com/upload/caiku/a/c/b/400x266_ac6737c7da13d57e009ab14b74dc0a3b.jpeg","白米,自来水 ",,"https://www.douguo.com/u/u85201018947320.html","
                             潴同学
                        ","https://tx1.douguo.com/upload/photo/4/f/9/70_u85201018947320151009.jpg"
"美容减肥果汁","https://www.douguo.com/cookbook/1235207.html","https://cp1.douguo.com/upload/caiku/2/b/5/400x266_2b611d6bee163bff03cba6fc9604b605.jpg","胡萝卜,苹果 ",,"https://www.douguo.com/u/u97531076899333.html","
                             只是回不去的曾经
                        ","https://tx1.douguo.com/upload/photo/1/e/6/70_u97531076899333211201.jpg"
"养生，美容，减肥","https://www.douguo.com/cookbook/1112955.html","https://cp1.douguo.com/upload/caiku/4/0/2/400x266_40aca52ddff9f3abc48cf84be7f550f2.jpg","温开水或凉开水 ",,"https://www.douguo.com/u/u21361140680994.html","
                             Smileyun555
                        ","https://tx1.douguo.com/upload/photo/8/b/b/70_u21361140680994063221.jpg"
"安神美容糖水","https://www.douguo.com/cookbook/1247909.html","https://cp1.douguo.com/upload/caiku/7/c/8/400x266_7c77102077091a42ab017016ef96acf8.jpg","桃胶,莲子,百合,桂圆肉干,皂角米,冰糖 ",,"https://www.douguo.com/u/u63355871195418.html","
                             海边的蓝莓
                        ","https://tx1.douguo.com/upload/photo/5/4/e/70_u63355871195418234012.jpg"
"美容养颜猪皮","https://www.douguo.com/cookbook/1275546.html","https://cp1.douguo.com/upload/caiku/c/a/8/400x266_cac32a96f5fc16a472f6b8797de0f488.jpg","猪皮,醋,白糖,生抽,老抽,柠檬,小辣椒 ",,"https://www.douguo.com/u/u41980466664504.html","
                             园姐168
                        ","https://i1.douguo.com/static/img/70.jpg"
"美容调经汤","https://www.douguo.com/cookbook/1362466.html","https://cp1.douguo.com/upload/caiku/6/4/8/400x266_648840728b31434a1850dd19910c7e28.jpg","猪心或鸡或鸽子,同仁乌鸡白凤丸,盐 ",,"https://www.douguo.com/u/u87077672681428.html","
                             梦想一个全能厨房
                        ","https://tx1.douguo.com/upload/photo/b/8/6/70_u87077672681428200619.jpg"
"养颜美容佳品～","https://www.douguo.com/cookbook/2384913.html","https://cp1.douguo.com/upload/caiku/c/4/1/400x266_c45bd5ee8e3e6236661cb316704f80e1.jpeg","花胶,姜,红枣,枸杞,桂圆,奶粉 ",,"https://www.douguo.com/u/u02781919884030.html","
                             MickeyLove
                        ","https://tx1.douguo.com/upload/photo/6/c/5/70_u02781919884030213001.jpeg"
"美容养颜糖水","https://www.douguo.com/cookbook/1252979.html","https://cp1.douguo.com/upload/caiku/c/d/6/400x266_cd3b8adf69366beb135fe5cab0c50d16.jpg","皂角米,雪燕,桃胶,蔓越梅干,红冰糖,红枣 ",,"https://www.douguo.com/u/u30572174104060.html","
                             无腰楠
                        ","https://tx1.douguo.com/upload/photo/9/5/4/70_u30572174104060183354.jpg"
"纤体膏 瘦身膏《刮油、排毒、瘦身》","https://www.douguo.com/cookbook/2522899.html","https://cp1.douguo.com/upload/caiku/7/b/4/400x266_7b620fc8e9b0bbe0ede48b88330614a4.jpeg","柠檬片,菊花,玫瑰,荷叶,冬瓜皮,甘草,决明子,山楂,冰糖 ",,"https://www.douguo.com/u/u91102513693649.html","
                             yc郁春养生
                        ","https://tx1.douguo.com/upload/photo/c/c/6/70_ccd76387105facf8cc4da31cb727e1c6.jpeg"
"瘦身减脂晚餐","https://www.douguo.com/cookbook/1473737.html","https://cp1.douguo.com/upload/caiku/2/f/9/400x266_2f9e891b317ecde86666049038216aa9.jpg","鸡胸肉,日本小青瓜,秋葵,口蘑,菜椒,黑胡椒,盐,料酒,芥末酱油 ",,"https://www.douguo.com/u/u49418047426503.html","
                             萍萍iris
                        ","https://tx1.douguo.com/upload/photo/5/2/a/70_u49418047426503020553.jpeg"
"瘦身减脂早餐","https://www.douguo.com/cookbook/2338209.html","https://cp1.douguo.com/upload/caiku/c/e/4/400x266_ce168e2b446413426a327c8e580f1cb4.jpg","杂粮米饭,牛腱子,南瓜,黄瓜,胡萝卜,大蒜,香菜,香醋,生抽,白砂糖,盐,香油,小米辣 ",,"https://www.douguo.com/u/u70494105133702.html","
                             salila82
                        ","https://tx1.douguo.com/upload/photo/1/4/d/70_u70494105133702200636.jpg"
"排毒瘦身   苦恋","https://www.douguo.com/cookbook/1215912.html","https://cp1.douguo.com/upload/caiku/5/0/b/400x266_5085bc46957f5f29bfd3781ade4ddbbb.jpg","苦瓜,黄瓜,蜂蜜 ","4.7分","https://www.douguo.com/u/u29943732581999.html","
                             丰盛的餐桌
                        ","https://tx1.douguo.com/upload/photo/6/6/7/70_u29943732581999224436.jpg"
"瘦身蔬菜汤","https://www.douguo.com/cookbook/2166740.html","https://cp1.douguo.com/upload/caiku/b/c/4/400x266_bc0c4b1b0dea290fafdedfad7d106ed4.jpeg","胡萝卜,西红柿,甜玉米,土豆,盐,黑胡椒,水 ",,"https://www.douguo.com/u/u83800542398803.html","
                             王爱大笑
                        ","https://tx1.douguo.com/upload/photo/7/d/8/70_u83800542398803200227.jpg"
"瘦身鲜蔬汤","https://www.douguo.com/cookbook/1601809.html","https://cp1.douguo.com/upload/caiku/5/7/c/400x266_57aaef57ac5a30b64d4d225810333e4c.jpeg","鲜贝柱（瑶柱）,娃娃菜,番茄,食盐,白胡椒粉,香麻油,姜 ","5分","https://www.douguo.com/u/u22463092248381.html","
                             Susan_维
                        ","https://tx1.douguo.com/upload/photo/f/6/1/70_u22463092248381213228.jpeg"
"瘦身杂蔬汤","https://www.douguo.com/cookbook/1390766.html","https://cp1.douguo.com/upload/caiku/c/b/4/400x266_cb3d9fcd03f6302498efa6304531e1d4.jpeg","芹菜3根,西红柿,玉米,洋葱,西兰花,红萝卜 ","5分","https://www.douguo.com/u/u6408244198845.html","
                             Grace芳芳
                        ","https://tx1.douguo.com/upload/photo/f/6/4/70_u6408244198845103302.jpeg"
"瘦身草莓酒","https://www.douguo.com/cookbook/1562928.html","https://cp1.douguo.com/upload/caiku/8/f/0/400x266_8f9e784d21d1ba6142ade1fe8d404ba0.jpg","草莓,黄冰糖,朗姆酒,柠檬,密封罐 ",,"https://www.douguo.com/u/u95031563978804.html","
                             蝶恋
                        ","https://tx1.douguo.com/upload/photo/0/f/b/70_u95031563978804205516.jpg"
"瘦身酸奶冰淇淋#减肥期#最爱#无糖低脂#","https://www.douguo.com/cookbook/1138014.html","https://cp1.douguo.com/upload/caiku/6/b/8/400x266_6b73c234d4bab6098d5e307e86b11cf8.jpg","酸奶一盒,DIY材料随你开心 ",,"https://www.douguo.com/u/u04136908140936.html","
                             丁灯
                        ","https://tx1.douguo.com/upload/photo/1/c/f/70_u04136908140936121826.jpg"
"瘦身蔬果汁","https://www.douguo.com/cookbook/2335440.html","https://cp1.douguo.com/upload/caiku/4/e/c/400x266_4edc5f7c11946e546a84c6befed4350c.jpg","苹果,番茄,橙子,胡萝卜,火龙果,香蕉,青瓜,凉白开 ",,"https://www.douguo.com/u/u97879889600521.html","
                             吾爱烘焙_
                        ","https://tx1.douguo.com/upload/photo/3/d/4/70_u9787988960052104191357.jpg"
"瘦身养颜茶","https://www.douguo.com/cookbook/1193171.html","https://cp1.douguo.com/upload/caiku/f/7/4/400x266_f7d8a5e66b96a6d0001a405f17101f44.jpg","洛神花/玫瑰茄,蜂蜜,温水,开水 ",,"https://www.douguo.com/u/u79404686215328.html","
                             玉米疯子
                        ","https://tx1.douguo.com/upload/photo/9/6/b/70_u79404686215328004731.jpg"
"瘦身柠檬醋","https://www.douguo.com/cookbook/1272803.html","https://cp1.douguo.com/upload/caiku/c/c/b/400x266_cc2b51b24a02a712211c88aa455e6e5b.jpg","柠檬,蜂蜜,白醋 ","4.8分","https://www.douguo.com/u/u36512149909087.html","
                             大妹纸666
                        ","https://tx1.douguo.com/upload/photo/1/e/3/70_u36512149909087230557.jpg"
"瘦身养颜餐2","https://www.douguo.com/cookbook/2498207.html","https://cp1.douguo.com/upload/caiku/b/7/6/400x266_b7f1f07c274eba166d712675f3f19a36.jpeg","西红柿,青提或葡萄,榨汁机（摩飞杯） ",,"https://www.douguo.com/u/u83812284710035.html","
                             二次元的乌龙
                        ","https://tx1.douguo.com/upload/photo/2/4/b/70_u83812284710035200309.jpeg"
"菠菜柠檬瘦身汁","https://www.douguo.com/cookbook/1185786.html","https://cp1.douguo.com/upload/caiku/1/a/b/400x266_1a5a65e5e52238f32500ff1facc2676b.jpg","菠菜,苹果,柠檬,水 ",,"https://www.douguo.com/u/u32562302449112.html","
                             ゛北极筱蓝メ
                        ","https://tx1.douguo.com/upload/photo/d/e/7/70_de1db88d70835284ece3ac3398ce3ea7.jpg"
"#餐桌上的春日限定#纤体瘦身果蔬汁","https://www.douguo.com/cookbook/2447718.html","https://cp1.douguo.com/upload/caiku/6/d/f/400x266_6d6f2e93f4dcae67137643ee9293b55f.jpg","苹果,芹菜,纯净水 ",,"https://www.douguo.com/u/u70494105133702.html","
                             salila82
                        ","https://tx1.douguo.com/upload/photo/1/4/d/70_u70494105133702200636.jpg"
"瘦身蔬菜汁","https://www.douguo.com/cookbook/1190113.html","https://cp1.douguo.com/upload/caiku/3/0/d/400x266_30260e721665c84f8dec59c1c1a3c87d.jpg","胡萝卜,西红柿,西蓝花 ",,"https://www.douguo.com/u/u27963358959443.html","
                             钱樱心
                        ","https://tx1.douguo.com/upload/photo/a/3/d/70_u27963358959443162304.jpg"
"罗非鱼营养又瘦身","https://www.douguo.com/cookbook/1705690.html","https://cp1.douguo.com/upload/caiku/c/1/2/400x266_c135146389b736bd215e2c5d18c0e492.jpg","料酒,姜末,盐,胡椒粉,罗非鱼,薏仁米 ",,"https://www.douguo.com/u/u56732698810421.html","
                             BARBIEYI
                        ","https://tx1.douguo.com/upload/photo/e/2/d/70_u56732698810421212330.jpg"
"营养瘦身汤饭","https://www.douguo.com/cookbook/1420487.html","https://cp1.douguo.com/upload/caiku/e/1/9/400x266_e150661e397212368911b7c181985149.jpg","胡萝卜，白菜,虾仁,鸡蛋,火腿肠,胡椒粉，鸡精，盐,米饭 ",,"https://www.douguo.com/u/u83398876348154.html","
                             莫语虚伪
                        ","https://tx1.douguo.com/upload/photo/9/c/4/70_u83398876348154193727.jpg"
"素食饺子瘦身饺子","https://www.douguo.com/cookbook/1690826.html","https://cp1.douguo.com/upload/caiku/8/c/1/400x266_8ce3bf88d3f49fedeb33e5bf0d9c3811.jpg","鸡蛋,青椒,盐巴,椒盐粉,海鲜酱油,热狗肠切粒,虾米 ",,"https://www.douguo.com/u/u124399214547.html","
                             篱笆墙外的馋猫儿
                        ","https://tx1.douguo.com/upload/photo/0/0/6/70_u124399214547002523.jpg"
"瘦身养颜就靠它了","https://www.douguo.com/cookbook/1512177.html","https://cp1.douguo.com/upload/caiku/4/a/4/400x266_4a4d982fb7561f4aed15add9db27b764.jpg","芹菜,哈密瓜,柠檬,苹果 ",,"https://www.douguo.com/u/u69173427687363.html","
                             格丽思小厨房
                        ","https://tx1.douguo.com/upload/photo/b/b/a/70_u6917342768736307221534.jpg"
"减肥—瘦身蔬菜肠","https://www.douguo.com/cookbook/2071509.html","https://cp1.douguo.com/upload/caiku/2/2/1/400x266_226ec61c6b0085d9a0075bc547a72ed1.jpeg","肠衣,玉米,胡萝卜,木耳,鸡蛋,油麦菜 ",,"https://www.douguo.com/u/u41929151220923.html","
                             丽质姐
                        ","https://tx1.douguo.com/upload/photo/e/2/1/70_u41929151220923150254.jpeg"
"瘦身食谱   糙米拌饭","https://www.douguo.com/cookbook/3002422.html","https://cp1.douguo.com/upload/caiku/4/7/6/400x266_47459e5c299749aa4a40561d88845cf6.jpeg","糙米提前浸泡24小时,蔬菜你喜欢吃的,鸡胸肉,鸡蛋 ",,"https://www.douguo.com/u/u97840873564519.html","
                             不爱刷碗的塔塔塔
                        ","https://tx1.douguo.com/upload/photo/1/5/b/70_u97840873564519155845.jpeg"
"#硬核菜谱制作人#瘦身藜麦营养餐","https://www.douguo.com/cookbook/2321185.html","https://cp1.douguo.com/upload/caiku/3/4/1/400x266_3445761430f5efb1dd29bd1c72bc8161.jpg","藜麦,火龙果,香蕉,牛奶,葡萄干,蓝莓,杏仁 ",,"https://www.douguo.com/u/u70494105133702.html","
                             salila82
                        ","https://tx1.douguo.com/upload/photo/1/4/d/70_u70494105133702200636.jpg"
"蔬菜瘦身汤","https://www.douguo.com/cookbook/1224330.html","https://cp1.douguo.com/upload/caiku/6/6/6/400x266_660997f44aff3c87e58e940116ce6766.jpg","西兰花,紫洋葱,胡萝卜,西芹,番茄,莴笋,玉米 ","5分","https://www.douguo.com/u/u10656789599069.html","
                             独佳记忆2010
                        ","https://tx1.douguo.com/upload/photo/b/d/d/70_u10656789599069180353.jpg"
"瘦身什锦沙拉 #做道懒人菜，轻松享假期#","https://www.douguo.com/cookbook/2296485.html","https://cp1.douguo.com/upload/caiku/9/6/9/400x266_96a2eef7e410cb242995ba7b23c7c519.jpg","芝麻菜,结球生菜,小番茄,贻贝,天然博士有机蛋白粉,橄榄油,凉拌油醋汁,洋葱 ",,"https://www.douguo.com/u/u50164468.html","
                             舞之灵1027
                        ","https://tx1.douguo.com/upload/photo/3/1/f/70_u5016446810201929.jpg"
"杜坎瘦身食谱","https://www.douguo.com/cookbook/1588513.html","https://cp1.douguo.com/upload/caiku/a/c/e/400x266_ace5547461e319c0aaa8b5d89425c63e.jpeg","带鱼,鸡蛋,燕麦麸粉,黑胡椒,青柠 ","5分","https://www.douguo.com/u/u01070720486868.html","
                             白娘子驿站
                        ","https://tx1.douguo.com/upload/photo/1/3/4/70_u01070720486868201448.jpg"
"瘦身蔬菜汤","https://www.douguo.com/cookbook/1269662.html","https://cp1.douguo.com/upload/caiku/c/2/5/400x266_c216833b617e06aa24966f4ebcedc185.jpg","洋葱,西红柿,土豆,胡萝卜,青菜,豆腐,芹菜,玉米,生姜,胡椒粉,芝麻油,食用油,食盐 ",,"https://www.douguo.com/u/u41611853159809.html","
                             就酱2
                        ","https://tx1.douguo.com/upload/photo/7/e/1/70_u41611853159809181633.jpg"
"最简单的瘦身餐","https://www.douguo.com/cookbook/1563265.html","https://cp1.douguo.com/upload/caiku/5/4/6/400x266_5475af8f9cb4a47cf17518da80633286.jpeg","四季豆,胡萝卜,硬豆腐,鸡蛋,中筋面粉,砂糖,盐 ",,"https://www.douguo.com/u/u9708028662450.html","
                             wkkkw
                        ","https://tx1.douguo.com/upload/photo/f/c/1/70_u9708028662450154119.jpeg"
"懒人减肥熬夜必备的紫薯银耳汤，美容养颜瘦身佳品","https://www.douguo.com/cookbook/2298340.html","https://cp1.douguo.com/upload/caiku/b/7/6/400x266_b7c34737f74e44d1c3554002c308cd56.jpeg","银耳,紫薯,冰糖,葡萄干 ","5分","https://www.douguo.com/u/u00254207773398.html","
                             爱烘焙的小小邓儿
                        ","https://tx1.douguo.com/upload/photo/2/4/3/70_u00254207773398174753.jpeg"
"美容养颜又瘦身的——海底捞番茄火锅","https://www.douguo.com/cookbook/1479066.html","https://cp1.douguo.com/upload/caiku/a/7/3/400x266_a79d0b1e228ceb65e8489246167e3783.jpeg","番茄（中等）,番茄沙司,水,家乐浓汤宝,各式蔬菜,各式丸子 ","4.9分","https://www.douguo.com/u/u64016598623859.html","
                             松鼠鱼77
                        ","https://tx1.douguo.com/upload/photo/2/2/e/70_u6401659862385905232315.jpg"
"瘦身美容菜~粉蒸胡萝卜","https://www.douguo.com/cookbook/2028414.html","https://cp1.douguo.com/upload/caiku/e/c/9/400x266_ec8c4e4858b9fae1451258a84de9a6f9.jpg","胡萝卜,面粉 ","4.5分","https://www.douguo.com/u/u25734083816689.html","
                             马牙牙
                        ","https://tx1.douguo.com/upload/photo/c/1/c/70_u25734083816689104910.jpg"
"寒冬已至，这一口白切羊肉让你暖到心头","https://www.douguo.com/cookbook/3020654.html","https://cp1.douguo.com/upload/caiku/7/4/0/400x266_7496570a16213a668607b28167dee1f0.JPG","羊肉,姜片,葱结,花椒,生抽,香葱末,辣椒粉,热油 ","5分","https://www.douguo.com/u/u15733017244446.html","
                             鱼小厨
                        ","https://tx1.douguo.com/upload/photo/6/1/8/70_u15733017244446154503.jpeg"
"海底椰雪梨银耳糕","https://www.douguo.com/cookbook/3021041.html","https://cp1.douguo.com/upload/caiku/2/7/1/400x266_2787f86be867bb47e6ff69b01c911161.jpg","海底椰,银耳,雪梨,纯水,冰糖,白凉粉,桂花蜜 ",,"https://www.douguo.com/u/u20468009171777.html","
                             爱生活的馋猫
                        ","https://tx1.douguo.com/upload/photo/c/d/5/70_cd33d929257fc70b95da84aad266f175.jpg"
"掌握五点银耳快速熬出胶——煮一锅美容瘦身的木瓜银耳羹","https://www.douguo.com/cookbook/1133598.html","https://cp1.douguo.com/upload/caiku/9/2/5/400x266_92bce66273fc1ecd652e142d687c6655.jpg","干银耳,干枣片,木瓜,莲子 ","4.7分","https://www.douguo.com/u/u02470480324162.html","
                             苏苏爱美食WH
                        ","https://tx1.douguo.com/upload/photo/4/3/3/70_u0247048032416208070635.jpg"
"瘦身美容菜~韭菜辣椒炒蛋","https://www.douguo.com/cookbook/2053309.html","https://cp1.douguo.com/upload/caiku/0/f/0/400x266_0fe3110cd659567b244b4b5ae1b50470.jpg","鸡蛋,韭菜,大蒜 ","5分","https://www.douguo.com/u/u25734083816689.html","
                             马牙牙
                        ","https://tx1.douguo.com/upload/photo/c/1/c/70_u25734083816689104910.jpg"
"瘦身美容养颜水果奶昔","https://www.douguo.com/cookbook/1138626.html","https://cp1.douguo.com/upload/caiku/0/9/1/400x266_09a686d0a4b71de6eff25371a9d7dcf1.jpg","酸奶,草莓,火龙果,芒果,蜂蜜,薄荷叶 ","4分","https://www.douguo.com/u/u13970025562103.html","
                             红薯花园
                        ","https://tx1.douguo.com/upload/photo/a/8/9/70_u13970025562103180700.jpg"
"祛湿美容瘦身 红枣薏米粥","https://www.douguo.com/cookbook/1420885.html","https://cp1.douguo.com/upload/caiku/f/f/2/400x266_ffdd52f2edd53352d4efec8fdcc1bba2.jpeg","薏米,红豆（赤小豆）,荞麦,燕麦,葛根,枸杞,红枣,黄冰糖 ","5分","https://www.douguo.com/u/u68898662898403.html","
                             风到自然晴
                        ","https://tx1.douguo.com/upload/photo/3/d/5/70_u68898662898403125817.jpeg"
"【美容瘦身汤】冬瓜豆芽玉米汤","https://www.douguo.com/cookbook/1400217.html","https://cp1.douguo.com/upload/caiku/6/e/b/400x266_6e3b161357e7a0e43bda3cbc04a5955b.jpg","冬瓜,绿豆芽,玉米,淀粉,菜籽油,胡椒粉,盐,水 ","4.8分","https://www.douguo.com/u/u3574750219030.html","
                             咫尺光年-爱如初见
                        ","https://tx1.douguo.com/upload/photo/1/0/e/70_u3574750219030220248.jpg"
"减脂瘦身美容抗癌就吃它~芥末菌菇炖豆腐","https://www.douguo.com/cookbook/2978466.html","https://cp1.douguo.com/upload/caiku/f/7/e/400x266_f7bab9642248131aaa162df3cc05954e.jpg","韧豆腐,白玉菇,鲜香菇,冠利美式芥末酱,生抽,盐,花生油,大蒜,香葱沫,清水 ",,"https://www.douguo.com/u/u28835383715913.html","
                             开心食记
                        ","https://tx1.douguo.com/upload/photo/8/e/6/70_8e0ac64acaa10e4f43d102c597be5b76.jpg"
"挑食孩子的最爱，红萝卜炒西兰花，减肥瘦身又美容养颜","https://www.douguo.com/cookbook/1098678.html","https://cp1.douguo.com/upload/caiku/1/f/4/400x266_1fa2959ac79e4400d61f4027834b7d54.jpg","红萝卜,西兰花,蒜,淀粉 ","4.7分","https://www.douguo.com/u/u20463571489655.html","
                             只是坏脾气的姑娘
                        ","https://tx1.douguo.com/upload/photo/1/8/f/70_u20463571489655101606.jpg"
"初夏瘦身美容餐桌上解腻开胃的麻辣手撕五花肉包菜","https://www.douguo.com/cookbook/1376769.html","https://cp1.douguo.com/upload/caiku/c/4/9/400x266_c4e96abb4efb1fe8ae5435dbcf0a1f09.jpg","包菜（卷心菜） 　　 ","5分","https://www.douguo.com/u/u04573908270053.html","
                             摩西膳坊
                        ","https://tx1.douguo.com/upload/photo/5/9/a/70_u0457390827005301271754.jpg"
"特百惠教你做美容瘦身的柠檬果醋（附果醋饮用方法和时间）","https://www.douguo.com/cookbook/1535727.html","https://cp1.douguo.com/upload/caiku/d/f/1/400x266_df9c827e7d4281a3848bf12751ba38f1.jpg","柠檬 ","5分","https://www.douguo.com/u/u51890312959544.html","
                             Tup苹果妈妈
                        ","https://tx1.douguo.com/upload/photo/8/6/6/70_u51890312959544111356.jpg"
"夏季美容瘦身―红枣绿豆粥","https://www.douguo.com/cookbook/1572120.html","https://cp1.douguo.com/upload/caiku/3/1/f/400x266_31a2fe29e74e475a0e176a2273472bbf.jpg","绿豆,红枣,大米 ",,"https://www.douguo.com/u/u33643522473883.html","
                             厨娘大莉莉
                        ","https://tx1.douguo.com/upload/photo/2/2/6/70_u33643522473883152054.jpg"
"奶香南瓜羹 - 营养美味还能美容瘦身的早餐","https://www.douguo.com/cookbook/1707993.html","https://cp1.douguo.com/upload/caiku/9/0/4/400x266_90fdb16c0bb969d0925d6dc78b99f8a4.jpg","南瓜,牛奶,核桃果仁,葡萄干,苦菊 ","4分","https://www.douguo.com/u/u69795432659258.html","
                             青青美厨
                        ","https://tx1.douguo.com/upload/photo/9/1/d/70_u69795432659258144517.jpg"
"美容养颜又瘦身的【南瓜山楂奶昔】","https://www.douguo.com/cookbook/2355239.html","https://cp1.douguo.com/upload/caiku/1/0/3/400x266_100a7b6d6f2510dca5fcccb0c2e07e63.jpg","南瓜,牛奶,山楂,白糖 ",,"https://www.douguo.com/u/u96983810610342.html","
                             虫子小c姐的厨房日记
                        ","https://tx1.douguo.com/upload/photo/5/f/d/70_u96983810610342095322.jpg"
"燕麦美容瘦身粥","https://www.douguo.com/cookbook/1170476.html","https://cp1.douguo.com/upload/caiku/d/2/8/400x266_d268c79eb5ace97eb0a33ceb8f2637a8.jpg","燕麦,桂圆,红枣 ","5分","https://www.douguo.com/u/u7649973766955.html","
                             是小姿啊
                        ","https://tx1.douguo.com/upload/photo/2/1/6/70_215e081426a0762430e0a9b34d8a0d36.jpg"
"美容瘦身南瓜饼","https://www.douguo.com/cookbook/1428310.html","https://cp1.douguo.com/upload/caiku/1/0/8/400x266_1049c329e60621c4deae27d703d3eb18.jpg","蒸熟的南瓜,糯米粉,粘米粉 ","5分","https://www.douguo.com/u/u18664764.html","
                             蓝冰滢
                        ","https://tx1.douguo.com/upload/photo/2/1/0/70_u18664764193727.jpg"
"能瘦身还美容 世界卫生组织都推荐的菊苣藜麦沙拉#爽口凉菜#","https://www.douguo.com/cookbook/2302452.html","https://cp1.douguo.com/upload/caiku/c/b/7/400x266_cb1e666f1d66f9210e0d4c5d629f3707.jpg","红菊苣,苦菊,藜麦,小番茄,彩椒,盐,葡萄酒醋,白糖 ",,"https://www.douguo.com/u/u57758153678786.html","
                             蜜糖姐姐说
                        ","https://tx1.douguo.com/upload/photo/b/7/b/70_b71fd19057fdcbea142009859decab3b.jpg"
"美容养颜瘦身的花茶","https://www.douguo.com/cookbook/1513551.html","https://cp1.douguo.com/upload/caiku/e/1/d/400x266_e1ef04c5cf0c622f1fe7f15aea7f406d.jpg","熟决明子 ","5分","https://www.douguo.com/u/u1532991777778.html","
                             lin悠然11
                        ","https://tx1.douguo.com/upload/photo/e/d/e/70_u1532991777778081527.jpeg"
"两分钟就能搞定的早餐，颜值满分，还能美容瘦身，简直不要太美好","https://www.douguo.com/cookbook/1602139.html","https://cp1.douguo.com/upload/caiku/5/8/e/400x266_581e7e699376185bb0e861a937fef88e.png","吐司,火腿肠,各类蔬菜,圣女果,鸡蛋 ","5分","https://www.douguo.com/u/u56666658319037.html","
                             Miu的食光记
                        ","https://tx1.douguo.com/upload/photo/b/c/c/70_u5666665831903707131601.jpg"
"瘦身美容养颜柠檬膏","https://www.douguo.com/cookbook/1365070.html","https://cp1.douguo.com/upload/caiku/4/5/e/400x266_45e319da746dbb51323834e69899745e.jpg","柠檬 ",,"https://www.douguo.com/u/u55829937792259.html","
                             酱好生活的小厨房
                        ","https://tx1.douguo.com/upload/photo/5/8/4/70_u55829937792259071847.jpg"
"VOSS瘦身美容冷浸茶","https://www.douguo.com/cookbook/1677143.html","https://cp1.douguo.com/upload/caiku/a/9/f/400x266_a996aa490e6ab8ccc3c14e91648c379f.jpg","VOSS（芙丝）天然泉水,大红袍 ",,"https://www.douguo.com/u/u35928460932704.html","
                             *star丶时光
                        ","https://tx1.douguo.com/upload/photo/a/1/1/70_u35928460932704100453.jpg"
"美容瘦身届的超级网红，别说你还没吃过奇亚籽！","https://www.douguo.com/cookbook/1703747.html","https://cp1.douguo.com/upload/caiku/c/a/9/400x266_cac3485225630498d4c147ccf63c6169.jpg","奇亚籽,牛奶,可可粉,抹茶粉,谷物脆,蜂蜜,酸奶、蓝莓、车厘子 ",,"https://www.douguo.com/u/u05325986617904.html","
                             马卡龙小魔女
                        ","https://tx1.douguo.com/upload/photo/7/3/f/70_u05325986617904185709.jpeg"
"【美容瘦身降火】绿豆薏仁汤","https://www.douguo.com/cookbook/1271068.html","https://cp1.douguo.com/upload/caiku/6/5/2/400x266_6581f2e92f264c851c01f4444562d982.jpg","薏仁,绿豆,蜂蜜,水 ","4.5分","https://www.douguo.com/u/u2036226662175.html","
                             yu叶子
                        ","https://tx1.douguo.com/upload/photo/2/4/5/70_u2036226662175005309.jpeg"
"最有效逆生长的秘方=全能美容瘦身抗癌的苹果胡萝卜果汁","https://www.douguo.com/cookbook/1309833.html","https://cp1.douguo.com/upload/caiku/b/0/8/400x266_b09397ad3d2964e557060833ed81d3b8.jpg","苹果,胡萝卜 ","5分","https://www.douguo.com/u/u04573908270053.html","
                             摩西膳坊
                        ","https://tx1.douguo.com/upload/photo/5/9/a/70_u0457390827005301271754.jpg"
"美容瘦身   毛豆椰汁","https://www.douguo.com/cookbook/1210753.html","https://cp1.douguo.com/upload/caiku/c/9/6/400x266_c9cb094ea5f3673d6bcb880f0b5a95d6.jpg","毛豆,椰汁 ","4分","https://www.douguo.com/u/u29943732581999.html","
                             丰盛的餐桌
                        ","https://tx1.douguo.com/upload/photo/6/6/7/70_u29943732581999224436.jpg"
"冰糖炖柠檬膏，你的瘦身美容佳品","https://www.douguo.com/cookbook/2438545.html","https://cp1.douguo.com/upload/caiku/e/b/c/400x266_ebfa3edb3c0be556c57dfb26f5fbcdbc.jpg","柠檬切片,黄冰糖 ",,"https://www.douguo.com/u/u48680242571756.html","
                             大颖的美味生活
                        ","https://tx1.douguo.com/upload/photo/5/a/5/70_5add4f3c6738b9e4d5f94589c29c39a5.jpg"
"健脾开胃美容瘦身  酸辣魔芋丝","https://www.douguo.com/cookbook/1348498.html","https://cp1.douguo.com/upload/caiku/2/b/9/400x266_2b937c531654acf769fb629ee3c11049.jpg","魔芋丝,木耳,黄瓜,醋,酱油,香油,盐,尖椒,花生碎 ",,"https://www.douguo.com/u/u78364915664063.html","
                             有鹿
                        ","https://tx1.douguo.com/upload/photo/5/8/1/70_u78364915664063053946.jpg"
"洛神花茶（美容、瘦身）","https://www.douguo.com/cookbook/1404361.html","https://cp1.douguo.com/upload/caiku/a/a/a/400x266_aad1d9cf390e1dc8ea535aabcbb0166a.jpeg","洛神花,冰糖或蜂蜜 ",,"https://www.douguo.com/u/u191689498837.html","
                             N小骨头N
                        ","https://tx1.douguo.com/upload/photo/c/d/1/70_cdc0d47914a1261d7b4c72e682899c01.jpg"
"瘦身早餐#急速早餐#","https://www.douguo.com/cookbook/1339282.html","https://cp1.douguo.com/upload/caiku/6/5/0/400x266_659e0dda8ca6b080b81a613e956de350.jpg","鸡蛋,牛奶,蜂蜜,腰果,葡萄,苹果 ","5分","https://www.douguo.com/u/u05355762986755.html","
                             Da梅梅
                        ","https://tx1.douguo.com/upload/photo/c/c/2/70_u05355762986755212831.jpeg"
"瘦身祛湿汤","https://www.douguo.com/cookbook/2307034.html","https://cp1.douguo.com/upload/caiku/e/d/2/400x266_edd60d3026af8cd3cf930258c28cc722.jpg","梅花肉,薏米,赤小豆,莲子,芡实,食盐,姜片,料酒 ",,"https://www.douguo.com/u/u0949685087409.html","
                             赵磨磨
                        ","https://tx1.douguo.com/upload/photo/f/7/d/70_u0949685087409062544.jpg"
"瘦身食谱","https://www.douguo.com/cookbook/1173987.html","https://cp1.douguo.com/upload/caiku/2/7/7/400x266_27c9aff623a439529897c2c296540de7.jpg","红豆,绿豆,山楂,红枣,水 ",,"https://www.douguo.com/u/u79344670208430.html","
                             smileluo
                        ","https://tx1.douguo.com/upload/photo/1/4/4/70_u79344670208430210800.jpg"
"瘦身炒饭","https://www.douguo.com/cookbook/2295491.html","https://cp1.douguo.com/upload/caiku/8/a/8/400x266_8a950e0a34c4c51b8973a4d5a6856e68.jpg","米饭,日本豆腐,鸡蛋,百合,蒜,盐,油 ",,"https://www.douguo.com/u/u90993595232140.html","
                             三角猫__
                        ","https://tx1.douguo.com/upload/photo/d/a/b/70_u90993595232140113349.jpg"
"瘦身粥","https://www.douguo.com/cookbook/1383491.html","https://cp1.douguo.com/upload/caiku/5/c/4/400x266_5c1cbd9cd679b6b233a3b052ffb6b8b4.jpeg","莲子 红枣 枸杞 小米 紫薯 即食燕麦 ",,"https://www.douguo.com/u/u57793050259391.html","
                             大姐姐ssss
                        ","https://tx1.douguo.com/upload/photo/3/e/7/70_u57793050259391175526.jpeg"
"瘦身早餐#爱乐甜夏日轻脂甜蜜#","https://www.douguo.com/cookbook/2511106.html","https://cp1.douguo.com/upload/caiku/e/e/4/400x266_eeb319f8ce562335473718ff25de28b4.jpg","爱乐甜,牛奶,黑苦荞燕麦,西蓝花虾,椒盐和醋 ",,"https://www.douguo.com/u/u89583338878333.html","
                             乐呵呵的私房菜
                        ","https://tx1.douguo.com/upload/photo/b/5/b/70_b5b4eae85218f67d260af63192f4ed3b.jpg"
"瘦身吐司","https://www.douguo.com/cookbook/1218780.html","https://cp1.douguo.com/upload/caiku/e/d/1/400x266_edb3f99009c9c6cc540253c2ececf7a1.jpg","吐司,鸡蛋,虾,奶酪,洋葱 ",,"https://www.douguo.com/u/u34098532185120.html","
                             我就是想叫考拉
                        ","https://tx1.douguo.com/upload/photo/4/d/1/70_4d5cfdc530442b44ab64167964278d51.jpg"
"瘦身燕窝","https://www.douguo.com/cookbook/1167915.html","https://cp1.douguo.com/upload/caiku/3/8/d/400x266_3815a62ca3de24c1fbc32f6dedc6ea6d.jpg","燕窝,红枣,枸杞,冰糖 ",,"https://www.douguo.com/u/u29290513438817.html","
                             末班车40
                        ","https://tx1.douguo.com/upload/photo/a/a/5/70_u29290513438817143324.jpg"
"美容桃胶","https://www.douguo.com/cookbook/2971694.html","https://cp1.douguo.com/upload/caiku/7/7/5/400x266_77af74a0c5e48be6705e3a2441950d95.jpeg","桃胶,雪燕,皂角米,冰糖,红枣,枸杞,牛奶 ",,"https://www.douguo.com/u/u71367194561437.html","
                             林颗粒
                        ","https://tx1.douguo.com/upload/photo/5/e/1/70_5e71cc7d4040281d51053779bb10d041.jpeg"
"美容糖水","https://www.douguo.com/cookbook/1241124.html","https://cp1.douguo.com/upload/caiku/e/d/3/400x266_ed94548e75089043cd749b0dca8636e3.jpg","绿豆红米银耳糯米小米 ",,"https://www.douguo.com/u/u37189166245588.html","
                             豆粉1891664
                        ","https://tx1.douguo.com/upload/photo/e/7/a/70_u37189166245588144608.jpg"
"美容虾","https://www.douguo.com/cookbook/1204269.html","https://cp1.douguo.com/upload/caiku/f/8/e/400x266_f8f394918fa11ed0a89a8529be2ec7ee.jpg","明虾,酱油,牛奶,盐 ",,"https://www.douguo.com/u/u22967935138350.html","
                             谢康婷啊
                        ","https://tx1.douguo.com/upload/photo/3/a/a/70_u22967935138350225311.jpeg"
"美容甜品","https://www.douguo.com/cookbook/1274700.html","https://cp1.douguo.com/upload/caiku/d/7/f/400x266_d796975a6608da8f209b842944ab2cbf.jpg","红豆,莲子,小麦,花生,薏米,牛奶,红糖 ",,"https://www.douguo.com/u/u42740623672877.html","
                             陈一起3
                        ","https://tx1.douguo.com/upload/photo/9/8/0/70_u42740623672877171850.jpg"
"美容凤爪","https://www.douguo.com/cookbook/1148668.html","https://cp1.douguo.com/upload/caiku/0/4/6/400x266_047815fd607496fb663496644dd3f3e6.jpg","凤爪,姜片,料酒,老抽,白糖,黄豆酱,蚝油 ","5分","https://www.douguo.com/u/u17366449606598.html","
                             宝宝妞1213
                        ","https://tx1.douguo.com/upload/photo/2/8/1/70_u17366449606598230508.jpg"
"美容蛋","https://www.douguo.com/cookbook/1225832.html","https://cp1.douguo.com/upload/caiku/0/4/9/400x266_0485f33772a0a70e925c1430e4132c59.jpg","蛋,白沙糖 ",,"https://www.douguo.com/u/u25479135876605.html","
                             豆粉479135
                        ","https://tx1.douguo.com/upload/photo/b/1/e/70_u25479135876605191358.jpg"
"美容豆浆","https://www.douguo.com/cookbook/1343796.html","https://cp1.douguo.com/upload/caiku/b/6/e/400x266_b6faa7e14210085d38f1784262a5630e.jpeg","黄豆,红枣,枸杞,水 ",,"https://www.douguo.com/u/u37561089796712.html","
                             小小慧慧喵
                        ","https://tx1.douguo.com/upload/photo/8/3/a/70_u37561089796712201816.jpeg"
"美容养颜","https://www.douguo.com/cookbook/1364633.html","https://cp1.douguo.com/upload/caiku/9/9/3/400x266_999b933d6d0034f882f2e3f26b23e783.jpg","黄瓜,玉米,盐 ",,"https://www.douguo.com/u/u60206462106459.html","
                             萱萱家食品
                        ","https://tx1.douguo.com/upload/photo/e/f/2/70_u60206462106459191500.jpg"
"美容果汁","https://www.douguo.com/cookbook/1466791.html","https://cp1.douguo.com/upload/caiku/a/2/9/400x266_a2708452debbff2ca67d7b12edb798b9.jpg","牛油果,珍珠石榴 ",,"https://www.douguo.com/u/u74965133888832.html","
                             王木木mm木木三
                        ","https://tx1.douguo.com/upload/photo/5/7/8/70_u74965133888832104607.jpg"
"美容养颜","https://www.douguo.com/cookbook/1705318.html","https://cp1.douguo.com/upload/caiku/4/d/5/400x266_4d9421c91703eab85356be7b0fbb2a05.jpg","大西瓜   1个,橙子        1个,草莓          5个,蜂蜜           适量,大冰块          10颗 ",,"https://www.douguo.com/u/u3050641673057.html","
                             豆粉9756422346
                        ","https://tx1.douguo.com/upload/photo/3/5/d/70_u3050641673057193908.jpg"
"养生美容","https://www.douguo.com/cookbook/1601864.html","https://cp1.douguo.com/upload/caiku/b/0/7/400x266_b01c74fba3a897b1336fc65dbfa22f97.jpeg","红枣,银耳,莲子,枸杞,桂圆,冰糖 ",,"https://www.douguo.com/u/u69343068611238.html","
                             家有一坨猫
                        ","https://tx1.douguo.com/upload/photo/d/a/7/70_u69343068611238183731.jpeg"
"瘦身三丁","https://www.douguo.com/cookbook/1390694.html","https://cp1.douguo.com/upload/caiku/5/b/4/400x266_5bf0826178caea32cfaed52797eef464.jpeg","鸡胸肉,胡萝卜,香菇,姜,大蒜,盐,鸡精,尖椒,淀粉,生抽,黑胡椒 ","4.9分","https://www.douguo.com/u/u64420507935378.html","
                             糖糖儿CC
                        ","https://tx1.douguo.com/upload/photo/a/b/e/70_u64420507935378170039.jpeg"
"瘦身汤","https://www.douguo.com/cookbook/1609040.html","https://cp1.douguo.com/upload/caiku/1/4/5/400x266_1423ecae33fb02a001552748e313e965.jpeg","洋葱,胡萝卜,芹菜,西红柿,甜玉米,青笋,盐,胡椒 ","5分","https://www.douguo.com/u/u51387346629208.html","
                             何必打扰。mter
                        ","https://tx1.douguo.com/upload/photo/7/b/9/70_u51387346629208113111.jpeg"
"瘦身沙拉","https://www.douguo.com/cookbook/1452409.html","https://cp1.douguo.com/upload/caiku/f/a/8/400x266_fa9a0e1876cad76667a33bd296f4dc48.jpeg","鸡胸肉,苦菊,生菜,胡萝卜,黄瓜,紫甘蓝,鸡蛋,沙拉酱,柠檬,面包,玉米,西兰花,橄榄油,醋 ","5分","https://www.douguo.com/u/u67099260253838.html","
                             这是旅途
                        ","https://tx1.douguo.com/upload/photo/3/b/8/70_u67099260253838140540.jpeg"
"皮蛋瘦身粥","https://www.douguo.com/cookbook/1491559.html","https://cp1.douguo.com/upload/caiku/d/e/1/400x266_dee21f4b349e4efac3f6c9e7deb16b01.jpg","糯米,大米,瘦肉,皮蛋 ","5分","https://www.douguo.com/u/u45644637165875.html","
                             斯佳丽
                        ","https://tx1.douguo.com/upload/photo/7/4/f/70_u45644637165875105753.jpg"
"春天的瘦身寿司","https://www.douguo.com/cookbook/1525616.html","https://cp1.douguo.com/upload/caiku/c/8/b/400x266_c8e48ead1bdd6ee5ab9d2b963a3fbf0b.jpg","米饭,醋（用的红醋）,寿司卷,紫菜卷,黄瓜,水果,牛肉丝,银耳,盐,酸奶,香肠 ",,"https://www.douguo.com/u/u48506006215615.html","
                             青葱玉
                        ","https://tx1.douguo.com/upload/photo/1/b/1/70_u48506006215615115346.jpg"
"营养瘦身面","https://www.douguo.com/cookbook/1435000.html","https://cp1.douguo.com/upload/caiku/9/0/c/400x266_90c09739ba636b6e9a464f659cfefedc.jpg","西红柿、白菜、鸡蛋、面条 ","4分","https://www.douguo.com/u/u66342205791071.html","
                             清风拂面树叶无声
                        ","https://tx1.douguo.com/upload/photo/6/8/4/70_u66342205791071113501.jpg"
"瘦身拌面","https://www.douguo.com/cookbook/1385254.html","https://cp1.douguo.com/upload/caiku/6/9/d/400x266_69001db7b9f330e442f68f3d45b0a9ed.jpg","荷兰豆,香菇,挂面,大葱,大蒜 ","4分","https://www.douguo.com/u/u64355923341514.html","
                             Jackie小静
                        ","https://tx1.douguo.com/upload/photo/b/b/2/70_u64355923341514213446.jpg"
"美味瘦身便当","https://www.douguo.com/cookbook/1448458.html","https://cp1.douguo.com/upload/caiku/8/a/3/400x266_8a3ce3fd25f9eb54f347382a8d3950b3.jpg","胡萝卜,豆角,鸡蛋 ",,"https://www.douguo.com/u/u70555497977612.html","
                             沙中玉
                        ","https://tx1.douguo.com/upload/photo/0/e/b/70_u70555497977612072420.jpg"
"瘦身芋头蛋糕","https://www.douguo.com/cookbook/1285708.html","https://cp1.douguo.com/upload/caiku/8/1/5/400x266_811305588aeba5fb72543e6a9b2d50d5.jpg","鸡蛋,低粉,白糖,芋头 ",,"https://www.douguo.com/u/u42760739989722.html","
                             美厨娘小牛牛
                        ","https://tx1.douguo.com/upload/photo/6/e/4/70_u42760739989722074419.jpg"
"茶酵素＊瘦身＊","https://www.douguo.com/cookbook/1160330.html","https://cp1.douguo.com/upload/caiku/3/a/a/400x266_3a363da2267ea538d5d6f9deabab624a.jpg","新鲜茶叶,红糖,水 ",,"https://www.douguo.com/u/u29427914280168.html","
                             ◣♂悔悔♂◢
                        ","https://tx1.douguo.com/upload/photo/a/e/6/70_u29427914280168020454.jpg"
"瘦身西米捞","https://www.douguo.com/cookbook/1485481.html","https://cp1.douguo.com/upload/caiku/c/d/f/400x266_cdbfe087b22180f9c9863a08afad73df.jpg","水仙芒果,西米,牛奶/椰奶,蜂蜜/白糖 ","5分","https://www.douguo.com/u/u97531076899333.html","
                             只是回不去的曾经
                        ","https://tx1.douguo.com/upload/photo/1/e/6/70_u97531076899333211201.jpg"
"瘦身果蔬汁一#单挑夏天#","https://www.douguo.com/cookbook/1584699.html","https://cp1.douguo.com/upload/caiku/7/4/4/400x266_74b212850521609e3889c5e8fb4f5dd4.jpg","苹果,胡萝卜,柠檬,生姜 ",,"https://www.douguo.com/u/u09810057131140.html","
                             深蓝小米粥
                        ","https://tx1.douguo.com/upload/photo/2/1/4/70_u09810057131140100356.jpg"
"夏日瘦身Smoothie#膳魔师夏日魔法甜品#","https://www.douguo.com/cookbook/1546844.html","https://cp1.douguo.com/upload/caiku/7/c/8/400x266_7ce277f811bd453cab63bb991add6888.jpeg","酸奶,树莓,即使燕麦,坚果,火龙果,香蕉,蓝莓 ","5分","https://www.douguo.com/u/u50488606893152.html","
                             土拨鼠呀ivos
                        ","https://tx1.douguo.com/upload/photo/2/b/9/70_u50488606893152180306.jpeg"
"红薯瘦身","https://www.douguo.com/cookbook/1253515.html","https://cp1.douguo.com/upload/caiku/0/5/7/400x266_05abfc3f992a0fe8235871a4e91a3627.jpg","红薯 ",,"https://www.douguo.com/u/u41279829156230.html","
                             尛、女人36
                        ","https://tx1.douguo.com/upload/photo/e/8/a/70_u41279829156230083246.jpg"
"瘦身汤","https://www.douguo.com/cookbook/1366283.html","https://cp1.douguo.com/upload/caiku/1/5/6/400x266_15a052864f4afc235f1eab6fee764356.jpeg","瘦肉,西红柿,香菜,鸡蛋 ",,"https://www.douguo.com/u/u53106439133715.html","
                             盈绿
                        ","https://tx1.douguo.com/upload/photo/2/6/8/70_u53106439133715203732.jpeg"
"瘦身赤豆粉","https://www.douguo.com/cookbook/1558158.html","https://cp1.douguo.com/upload/caiku/9/d/c/400x266_9d58230f3c5b1902c711f50cb9f4b8ac.jpeg","红小豆 ",,"https://www.douguo.com/u/u54579960996708.html","
                             vanessasummer
                        ","https://tx1.douguo.com/upload/photo/a/1/2/70_u54579960996708184121.jpeg"
"瘦身汤","https://www.douguo.com/cookbook/1387225.html","https://cp1.douguo.com/upload/caiku/0/6/d/400x266_06b9390bf663e4d6230533cfa512b79d.jpg","西红柿,芹菜,洋葱,卷心菜,杭椒,盐,糖 ",,"https://www.douguo.com/u/u47030771838906.html","
                             琛香
                        ","https://tx1.douguo.com/upload/photo/c/2/c/70_u47030771838906160310.jpg"
"瘦身蔬果汤","https://www.douguo.com/cookbook/1245546.html","https://cp1.douguo.com/upload/caiku/7/d/5/400x266_7d7ab3ee58c188d7c5dcd4b72e8a64a5.jpg","西红柿,洋葱,苹果,番茄酱,盐,糖,胡椒粉,大蒜 ",,"https://www.douguo.com/u/u39391910598395.html","
                             连大王rr
                        ","https://tx1.douguo.com/upload/photo/f/b/d/70_u39391910598395012225.jpg"
"瘦身红豆粉","https://www.douguo.com/cookbook/1573196.html","https://cp1.douguo.com/upload/caiku/0/4/2/400x266_04d255650fd3f299f97c98ea1e7ddce2.jpg","红豆 ",,"https://www.douguo.com/u/u98110100136034.html","
                             智障妍
                        ","https://tx1.douguo.com/upload/photo/8/8/e/70_u98110100136034152259.jpg"
"瘦身黑米胡","https://www.douguo.com/cookbook/1258763.html","https://cp1.douguo.com/upload/caiku/7/0/c/400x266_704ef6a15ff13032ef54e68c26995bcc.jpg","黑米,花生,黑芝麻,水,红糖 ",,"https://www.douguo.com/u/u19955132171218.html","
                             努力减肥的大蕃薯
                        ","https://tx1.douguo.com/upload/photo/3/7/4/70_u19955132171218124712.jpg"
"#橄榄中国味 感恩添美味#瘦身汤","https://www.douguo.com/cookbook/3015366.html","https://cp1.douguo.com/upload/caiku/7/3/1/400x266_732dead777502c9496f722e004c04931.jpg","白萝卜,白蘑菇,鱼蛋,莴笋,香菇,橄榄油,寿喜锅调料包 ",,"https://www.douguo.com/u/u68966106258257.html","
                             乐食尚
                        ","https://tx1.douguo.com/upload/photo/1/d/8/70_1d72c53cd3759a84abfa82669dbab108.jpg"
"我的瘦身午餐","https://www.douguo.com/cookbook/2420230.html","https://cp1.douguo.com/upload/caiku/7/5/6/400x266_75bbd697fcc0a42c7089a4746aa48306.jpeg","牛肉,青菜 ",,"https://www.douguo.com/u/u72605334547719.html","
                             echo5555
                        ","https://tx1.douguo.com/upload/photo/d/b/6/70_u72605334547719110554.jpeg"
"瘦身白萝卜","https://www.douguo.com/cookbook/1348863.html","https://cp1.douguo.com/upload/caiku/b/4/0/400x266_b46b50469491cdab60cb6f205d80eda0.jpg","白萝卜,白米醋,糖,盐 ","5分","https://www.douguo.com/u/u45318433752322.html","
                             一霖YILIN
                        ","https://i1.douguo.com/static/img/70.jpg"
"瘦身烧茄子","https://www.douguo.com/cookbook/1416366.html","https://cp1.douguo.com/upload/caiku/4/1/5/400x266_414977f2155237f4aec9e655eb5ac0f5.jpeg","圆茄子,西红柿,青椒,葱姜蒜,油,番茄酱,蚝油,糖,盐 ","5分","https://www.douguo.com/u/u06202780283668.html","
                             六月阳光angel
                        ","https://tx1.douguo.com/upload/photo/3/8/9/70_u06202780283668135919.jpg"
"瘦身番茄pasta","https://www.douguo.com/cookbook/1170478.html","https://cp1.douguo.com/upload/caiku/b/0/f/400x266_b0e56ac37d599599ab16c85e85834fbf.jpg","直身意面,番茄,洋葱,盐,黑胡椒碎,番茄酱,橄榄油 ","5分","https://www.douguo.com/u/u18524274810380.html","
                             魅糖人
                        ","https://tx1.douguo.com/upload/photo/d/a/5/70_u18524274810380170650.jpg"
"瘦身沙拉","https://www.douguo.com/cookbook/1431982.html","https://cp1.douguo.com/upload/caiku/e/a/f/400x266_ea4b726008853f3aed006b1867d1f65f.jpeg","全麦面包,香蕉,圣女果,生菜,酸奶,千岛酱 ","4.5分","https://www.douguo.com/u/u26061680729740.html","
                             Pink丶spoon
                        ","https://tx1.douguo.com/upload/photo/8/6/6/70_u26061680729740194626.jpeg"
"苹果瘦身茶","https://www.douguo.com/cookbook/3005793.html","https://cp1.douguo.com/upload/caiku/1/4/2/400x266_148f1a9522db0a5a6ae5e32e0760c3e2.jpeg","苹果,红枣,枸杞,清水 ",,"https://www.douguo.com/u/u31049934889941.html","
                             咖啡妹☕️
                        ","https://tx1.douguo.com/upload/photo/7/f/2/70_u31049934889941152212.jpeg"
"瘦身简餐","https://www.douguo.com/cookbook/2168067.html","https://cp1.douguo.com/upload/caiku/6/f/c/400x266_6f20fa50458ac70153906d5ab04b3fbc.jpeg","熟冻甜虾,西兰花,牛油果,藜麦,樱桃番茄,橙,甜青豆,甜玉米,鸡胸肉,荷兰黄瓜 ",,"https://www.douguo.com/u/u78585300282605.html","
                             莫嫣karen
                        ","https://tx1.douguo.com/upload/photo/b/3/e/70_u78585300282605105248.jpeg"
"瘦身养颜餐","https://www.douguo.com/cookbook/2471510.html","https://cp1.douguo.com/upload/caiku/4/6/8/400x266_46bd07ff0cffe1f0c4d508f3ca164e28.jpeg","冬瓜,冻豆腐,魔芋,木耳,海带,口菇 ",,"https://www.douguo.com/u/u83812284710035.html","
                             二次元的乌龙
                        ","https://tx1.douguo.com/upload/photo/2/4/b/70_u83812284710035200309.jpeg"
"养身瘦身粥","https://www.douguo.com/cookbook/1290328.html","https://cp1.douguo.com/upload/caiku/8/d/1/400x266_8d80b359c721ccbc789f3b152f7b8b51.jpg","糙米,粳米,胡萝卜,南瓜,水,红枣 ","3分","https://www.douguo.com/u/u19743884289028.html","
                             琪诗淼想
                        ","https://tx1.douguo.com/upload/photo/2/c/f/70_u19743884289028202915.jpg"
"瘦身沙拉","https://www.douguo.com/cookbook/1668973.html","https://cp1.douguo.com/upload/caiku/8/2/d/400x266_82f353df5d3eaa7b5767d050af19e39d.png","圆白菜,番茄,黄瓜,青椒 ",,"https://www.douguo.com/u/u73469139685233.html","
                             吃货研究院
                        ","https://tx1.douguo.com/upload/photo/9/3/0/70_u73469139685233194222.jpeg"
"瘦身养颜糊#雀巢营养早餐#","https://www.douguo.com/cookbook/1701382.html","https://cp1.douguo.com/upload/caiku/1/4/3/400x266_14adcee385c35edb8cb0a43ceb6556a3.jpg","大米,即食燕麦片,薏米,花生,水 ",,"https://www.douguo.com/u/u58184723259184.html","
                             食a色
                        ","https://tx1.douguo.com/upload/photo/3/e/b/70_u5818472325918404140825.jpg"
"美容粥","https://www.douguo.com/cookbook/1553709.html","https://cp1.douguo.com/upload/caiku/1/3/7/400x266_1352429441c0fcf33ebe387ef54e0cf7.jpg","小米,花生,红豆,薏米,赤小豆,糙米,燕麦,红米,银耳 ",,"https://www.douguo.com/u/u47816525612253.html","
                             阿刀竹就是那一棵竹子
                        ","https://tx1.douguo.com/upload/photo/8/9/f/70_u47816525612253192502.jpg"
"美容养颜的果蔬汁","https://www.douguo.com/cookbook/2435773.html","https://cp1.douguo.com/upload/caiku/d/9/4/400x266_d905a7d703d9a285788c65cc08893284.jpg","胡萝卜,苹果,火龙果,蜂蜜,饮用水 ",,"https://www.douguo.com/u/u66477897313325.html","
                             灏灏呀5203
                        ","https://tx1.douguo.com/upload/photo/8/4/1/70_84170b6b29fd7a270a6fd9c41abebc81.jpg"
"养颜美容羹","https://www.douguo.com/cookbook/2440191.html","https://cp1.douguo.com/upload/caiku/0/5/c/400x266_0571db97ca5add5d05c6e78e56425fac.jpeg","银耳半朵 桃胶4粒 皂角片6片 雪燕4粒 灰枣15颗 枸杞10颗 木瓜半个 黄冰糖少许 ",,"https://www.douguo.com/u/u99336898696732.html","
                             我的贝贝嘉
                        ","https://tx1.douguo.com/upload/photo/e/a/9/70_u99336898696732162304.jpeg"
"补血养颜美容","https://www.douguo.com/cookbook/1660341.html","https://cp1.douguo.com/upload/caiku/a/8/d/400x266_a8a28c73280543eecd52d06bf4cbea4d.jpeg","红糖,当归,生姜,花生,干玫瑰 ",,"https://www.douguo.com/u/u88487404418105.html","
                             小丑鱼啵妞
                        ","https://tx1.douguo.com/upload/photo/c/f/c/70_u88487404418105095351.jpg"
"美容养生豆浆","https://www.douguo.com/cookbook/1173464.html","https://cp1.douguo.com/upload/caiku/8/3/1/400x266_8390799d408ea3d21ddd587eb624e651.jpg","黄豆，大米，燕麦，花生，红枣，鲜玉米，枸杞 ",,"https://www.douguo.com/u/u31068430988186.html","
                             厨娘么么哒
                        ","https://tx1.douguo.com/upload/photo/e/5/e/70_u31068430988186150116.jpg"
"美容养颜雪糕","https://www.douguo.com/cookbook/1194574.html","https://cp1.douguo.com/upload/caiku/8/7/8/400x266_87dade3440323f817cb7565bdf9a7768.jpg","蓝莓 薄荷叶 草莓 芦荟果汁 ",,"https://www.douguo.com/u/u32368770818115.html","
                             私は猫です
                        ","https://tx1.douguo.com/upload/photo/e/c/3/70_u32368770818115213108.jpg"
"美容养颜甜品","https://www.douguo.com/cookbook/2053143.html","https://cp1.douguo.com/upload/caiku/9/4/3/400x266_94c718051a51624a674497596411ad63.jpeg","雪梨,柑橘,红枣,枸杞,蜂蜜 ",,"https://www.douguo.com/u/u50563403265843.html","
                             麦穗21
                        ","https://tx1.douguo.com/upload/photo/5/9/3/70_u50563403265843071550.jpg"
"苹果美容茶","https://www.douguo.com/cookbook/1580992.html","https://cp1.douguo.com/upload/caiku/e/b/0/400x266_eb86c4d1555bf5066b3a3ae2286ea280.jpeg","苹果,枸杞,蜂蜜 ","5分","https://www.douguo.com/u/u15877193611909.html","
                             婧妞美食
                        ","https://tx1.douguo.com/upload/photo/2/a/2/70_u15877193611909102038.jpg"
"美容猪脚汤","https://www.douguo.com/cookbook/1509831.html","https://cp1.douguo.com/upload/caiku/6/8/0/400x266_688de778f36d3806ce41452267bcf3f0.jpg","猪脚,老姜,黄豆,料酒，盐，葱花 ",,"https://www.douguo.com/u/u8265504127415.html","
                             ₯㎕ 红颜忆ぃゃ
                        ","https://tx1.douguo.com/upload/photo/b/3/9/70_u8265504127415180038.jpg"
"美容桃胶羹","https://www.douguo.com/cookbook/1597341.html","https://cp1.douguo.com/upload/caiku/6/9/7/400x266_69f3f786d6edb7eca0ce01e5872ccc77.jpeg","桃胶,冰糖,银耳,红枣,枸杞 ",,"https://www.douguo.com/u/u01501265278915.html","
                             食光饥
                        ","https://tx1.douguo.com/upload/photo/a/4/9/70_u01501265278915100327.jpeg"
"红烧美容猪蹄","https://www.douguo.com/cookbook/1695260.html","https://cp1.douguo.com/upload/caiku/2/7/b/400x266_27a41c24ec19de35ac7005004d8b21fb.jpg","猪蹄 ",,"https://www.douguo.com/u/u32683556462450.html","
                             最强之D
                        ","https://i1.douguo.com/static/img/70.jpg"
"美容养颜烫","https://www.douguo.com/cookbook/1573018.html","https://cp1.douguo.com/upload/caiku/6/9/5/400x266_69bdcf3a427581b5b27670aa263a01d5.jpg","大枣,猪蹄,玉米,枸杞,姜,葱 ","4分","https://www.douguo.com/u/u93547178973997.html","
                             棉花
                        ","https://tx1.douguo.com/upload/photo/3/7/f/70_u93547178973997181142.jpg"
"美容养颜豆浆","https://www.douguo.com/cookbook/1100271.html","https://cp1.douguo.com/upload/caiku/1/9/d/400x266_194094e48dabbf188c589614afaa413d.jpg","黄豆,薏米,花生,核桃,枸杞,红枣 ",,"https://www.douguo.com/u/u13811145520879.html","
                             ∝″咖啡走糖▓
                        ","https://tx1.douguo.com/upload/photo/f/0/5/70_u13811145520879231545.jpg"
"美容胶原羹","https://www.douguo.com/cookbook/1551418.html","https://cp1.douguo.com/upload/caiku/4/1/7/400x266_4180fc0c1fc8cbda9b18eaa8ac1bc9f7.jpg","皂角米,桃胶,黄冰糖,银耳,大枣,莲子,桂花或者玫瑰花 ",,"https://www.douguo.com/u/u18923435991108.html","
                             碧蓝4
                        ","https://tx1.douguo.com/upload/photo/4/2/6/70_42ca34271a4e1c94902ebd82dcf52046.jpg"
"美容营养粥","https://www.douguo.com/cookbook/1620568.html","https://cp1.douguo.com/upload/caiku/f/7/1/400x266_f7973294bfe014810b9d0a6f9fcf0ba1.jpg","米,胡萝卜,玉米粒,玉米,土豆,鸡腿,鸡精,盐 ",,"https://www.douguo.com/u/u08862302499342.html","
                             *小吃货
                        ","https://tx1.douguo.com/upload/photo/9/1/2/70_u08862302499342232600.jpg"
"黑发美容丸","https://www.douguo.com/cookbook/1206928.html","https://cp1.douguo.com/upload/caiku/2/6/e/400x266_264349b21edcab4778a884382a990ffe.jpg","黑豆,黑芝麻,核桃,桂圆,红枣,红糖,糯米粉 ",,"https://www.douguo.com/u/u25628216452559.html","
                             福星89
                        ","https://tx1.douguo.com/upload/photo/5/8/c/70_u25628216452559094913.jpg"
"美容润肺羹","https://www.douguo.com/cookbook/1213713.html","https://cp1.douguo.com/upload/caiku/0/9/5/400x266_09fe8f3b0d30d9629e38546771a3e745.jpg","银耳,冰糖,枸杞子,水 ",,"https://www.douguo.com/u/u03958182392683.html","
                             瓦素吃货小黑
                        ","https://tx1.douguo.com/upload/photo/b/9/a/70_u03958182392683185903.jpg"
"滋阴益气、美容养颜的木瓜美容汤","https://www.douguo.com/cookbook/2344590.html","https://cp1.douguo.com/upload/caiku/a/7/d/400x266_a739a11ea840ceb74a1f6ea72e5d7fcd.jpeg","木瓜,莲子,百合,银耳,枸杞,冰糖,清水 ",,"https://www.douguo.com/u/u57714140497946.html","
                             蓝胖纸叮当
                        ","https://tx1.douguo.com/upload/photo/3/d/0/70_u57714140497946201337.jpeg"
"美容补品之一(豆浆红枣美容汁)","https://www.douguo.com/cookbook/1723637.html","https://cp1.douguo.com/upload/caiku/1/1/3/400x266_118eaa0b2caa60f4ca37769170e15623.jpg","豆浆,红枣 ",,"https://www.douguo.com/u/u02336257328603.html","
                             逝去的诺言2017
                        ","https://tx1.douguo.com/upload/photo/0/4/8/70_u02336257328603134254.jpg"
"#美食视频挑战赛#美容西柚汁","https://www.douguo.com/cookbook/2483648.html","https://cp1.douguo.com/upload/caiku/d/e/8/400x266_de880a941781f56f92ac694789ef73a8.jpg","西柚,蜂蜜,矿泉水 ","5分","https://www.douguo.com/u/u73500692606886.html","
                             张小厨厨房
                        ","https://tx1.douguo.com/upload/photo/c/0/7/70_u73500692606886213440.jpg"
"养颜美容豆浆","https://www.douguo.com/cookbook/1185068.html","https://cp1.douguo.com/upload/caiku/2/3/a/400x266_23605742ba991a5211ae8c064f12cf5a.jpg","红豆,黑豆,薏米,枣干,清水,核桃仁 ","5分","https://www.douguo.com/u/u81161769739548.html","
                             九芙蓉
                        ","https://tx1.douguo.com/upload/photo/d/1/3/70_u81161769739548131339.jpg"
"淘米水美容","https://www.douguo.com/cookbook/2453387.html","https://cp1.douguo.com/upload/caiku/a/c/b/400x266_ac6737c7da13d57e009ab14b74dc0a3b.jpeg","白米,自来水 ",,"https://www.douguo.com/u/u85201018947320.html","
                             潴同学
                        ","https://tx1.douguo.com/upload/photo/4/f/9/70_u85201018947320151009.jpg"
"美容减肥果汁","https://www.douguo.com/cookbook/1235207.html","https://cp1.douguo.com/upload/caiku/2/b/5/400x266_2b611d6bee163bff03cba6fc9604b605.jpg","胡萝卜,苹果 ",,"https://www.douguo.com/u/u97531076899333.html","
                             只是回不去的曾经
                        ","https://tx1.douguo.com/upload/photo/1/e/6/70_u97531076899333211201.jpg"
"养生，美容，减肥","https://www.douguo.com/cookbook/1112955.html","https://cp1.douguo.com/upload/caiku/4/0/2/400x266_40aca52ddff9f3abc48cf84be7f550f2.jpg","温开水或凉开水 ",,"https://www.douguo.com/u/u21361140680994.html","
                             Smileyun555
                        ","https://tx1.douguo.com/upload/photo/8/b/b/70_u21361140680994063221.jpg"
"安神美容糖水","https://www.douguo.com/cookbook/1247909.html","https://cp1.douguo.com/upload/caiku/7/c/8/400x266_7c77102077091a42ab017016ef96acf8.jpg","桃胶,莲子,百合,桂圆肉干,皂角米,冰糖 ",,"https://www.douguo.com/u/u63355871195418.html","
                             海边的蓝莓
                        ","https://tx1.douguo.com/upload/photo/5/4/e/70_u63355871195418234012.jpg"
"美容养颜猪皮","https://www.douguo.com/cookbook/1275546.html","https://cp1.douguo.com/upload/caiku/c/a/8/400x266_cac32a96f5fc16a472f6b8797de0f488.jpg","猪皮,醋,白糖,生抽,老抽,柠檬,小辣椒 ",,"https://www.douguo.com/u/u41980466664504.html","
                             园姐168
                        ","https://i1.douguo.com/static/img/70.jpg"
"美容调经汤","https://www.douguo.com/cookbook/1362466.html","https://cp1.douguo.com/upload/caiku/6/4/8/400x266_648840728b31434a1850dd19910c7e28.jpg","猪心或鸡或鸽子,同仁乌鸡白凤丸,盐 ",,"https://www.douguo.com/u/u87077672681428.html","
                             梦想一个全能厨房
                        ","https://tx1.douguo.com/upload/photo/b/8/6/70_u87077672681428200619.jpg"
"养颜美容佳品～","https://www.douguo.com/cookbook/2384913.html","https://cp1.douguo.com/upload/caiku/c/4/1/400x266_c45bd5ee8e3e6236661cb316704f80e1.jpeg","花胶,姜,红枣,枸杞,桂圆,奶粉 ",,"https://www.douguo.com/u/u02781919884030.html","
                             MickeyLove
                        ","https://tx1.douguo.com/upload/photo/6/c/5/70_u02781919884030213001.jpeg"
"美容养颜糖水","https://www.douguo.com/cookbook/1252979.html","https://cp1.douguo.com/upload/caiku/c/d/6/400x266_cd3b8adf69366beb135fe5cab0c50d16.jpg","皂角米,雪燕,桃胶,蔓越梅干,红冰糖,红枣 ",,"https://www.douguo.com/u/u30572174104060.html","
                             无腰楠
                        ","https://tx1.douguo.com/upload/photo/9/5/4/70_u30572174104060183354.jpg"
"纤体膏 瘦身膏《刮油、排毒、瘦身》","https://www.douguo.com/cookbook/2522899.html","https://cp1.douguo.com/upload/caiku/7/b/4/400x266_7b620fc8e9b0bbe0ede48b88330614a4.jpeg","柠檬片,菊花,玫瑰,荷叶,冬瓜皮,甘草,决明子,山楂,冰糖 ",,"https://www.douguo.com/u/u91102513693649.html","
                             yc郁春养生
                        ","https://tx1.douguo.com/upload/photo/c/c/6/70_ccd76387105facf8cc4da31cb727e1c6.jpeg"
"瘦身减脂晚餐","https://www.douguo.com/cookbook/1473737.html","https://cp1.douguo.com/upload/caiku/2/f/9/400x266_2f9e891b317ecde86666049038216aa9.jpg","鸡胸肉,日本小青瓜,秋葵,口蘑,菜椒,黑胡椒,盐,料酒,芥末酱油 ",,"https://www.douguo.com/u/u49418047426503.html","
                             萍萍iris
                        ","https://tx1.douguo.com/upload/photo/5/2/a/70_u49418047426503020553.jpeg"
"瘦身减脂早餐","https://www.douguo.com/cookbook/2338209.html","https://cp1.douguo.com/upload/caiku/c/e/4/400x266_ce168e2b446413426a327c8e580f1cb4.jpg","杂粮米饭,牛腱子,南瓜,黄瓜,胡萝卜,大蒜,香菜,香醋,生抽,白砂糖,盐,香油,小米辣 ",,"https://www.douguo.com/u/u70494105133702.html","
                             salila82
                        ","https://tx1.douguo.com/upload/photo/1/4/d/70_u70494105133702200636.jpg"
"排毒瘦身   苦恋","https://www.douguo.com/cookbook/1215912.html","https://cp1.douguo.com/upload/caiku/5/0/b/400x266_5085bc46957f5f29bfd3781ade4ddbbb.jpg","苦瓜,黄瓜,蜂蜜 ","4.7分","https://www.douguo.com/u/u29943732581999.html","
                             丰盛的餐桌
                        ","https://tx1.douguo.com/upload/photo/6/6/7/70_u29943732581999224436.jpg"
"瘦身蔬菜汤","https://www.douguo.com/cookbook/2166740.html","https://cp1.douguo.com/upload/caiku/b/c/4/400x266_bc0c4b1b0dea290fafdedfad7d106ed4.jpeg","胡萝卜,西红柿,甜玉米,土豆,盐,黑胡椒,水 ",,"https://www.douguo.com/u/u83800542398803.html","
                             王爱大笑
                        ","https://tx1.douguo.com/upload/photo/7/d/8/70_u83800542398803200227.jpg"
"瘦身鲜蔬汤","https://www.douguo.com/cookbook/1601809.html","https://cp1.douguo.com/upload/caiku/5/7/c/400x266_57aaef57ac5a30b64d4d225810333e4c.jpeg","鲜贝柱（瑶柱）,娃娃菜,番茄,食盐,白胡椒粉,香麻油,姜 ","5分","https://www.douguo.com/u/u22463092248381.html","
                             Susan_维
                        ","https://tx1.douguo.com/upload/photo/f/6/1/70_u22463092248381213228.jpeg"
"瘦身杂蔬汤","https://www.douguo.com/cookbook/1390766.html","https://cp1.douguo.com/upload/caiku/c/b/4/400x266_cb3d9fcd03f6302498efa6304531e1d4.jpeg","芹菜3根,西红柿,玉米,洋葱,西兰花,红萝卜 ","5分","https://www.douguo.com/u/u6408244198845.html","
                             Grace芳芳
                        ","https://tx1.douguo.com/upload/photo/f/6/4/70_u6408244198845103302.jpeg"
"瘦身草莓酒","https://www.douguo.com/cookbook/1562928.html","https://cp1.douguo.com/upload/caiku/8/f/0/400x266_8f9e784d21d1ba6142ade1fe8d404ba0.jpg","草莓,黄冰糖,朗姆酒,柠檬,密封罐 ",,"https://www.douguo.com/u/u95031563978804.html","
                             蝶恋
                        ","https://tx1.douguo.com/upload/photo/0/f/b/70_u95031563978804205516.jpg"
"瘦身酸奶冰淇淋#减肥期#最爱#无糖低脂#","https://www.douguo.com/cookbook/1138014.html","https://cp1.douguo.com/upload/caiku/6/b/8/400x266_6b73c234d4bab6098d5e307e86b11cf8.jpg","酸奶一盒,DIY材料随你开心 ",,"https://www.douguo.com/u/u04136908140936.html","
                             丁灯
                        ","https://tx1.douguo.com/upload/photo/1/c/f/70_u04136908140936121826.jpg"
"瘦身蔬果汁","https://www.douguo.com/cookbook/2335440.html","https://cp1.douguo.com/upload/caiku/4/e/c/400x266_4edc5f7c11946e546a84c6befed4350c.jpg","苹果,番茄,橙子,胡萝卜,火龙果,香蕉,青瓜,凉白开 ",,"https://www.douguo.com/u/u97879889600521.html","
                             吾爱烘焙_
                        ","https://tx1.douguo.com/upload/photo/3/d/4/70_u9787988960052104191357.jpg"
"瘦身养颜茶","https://www.douguo.com/cookbook/1193171.html","https://cp1.douguo.com/upload/caiku/f/7/4/400x266_f7d8a5e66b96a6d0001a405f17101f44.jpg","洛神花/玫瑰茄,蜂蜜,温水,开水 ",,"https://www.douguo.com/u/u79404686215328.html","
                             玉米疯子
                        ","https://tx1.douguo.com/upload/photo/9/6/b/70_u79404686215328004731.jpg"
"瘦身柠檬醋","https://www.douguo.com/cookbook/1272803.html","https://cp1.douguo.com/upload/caiku/c/c/b/400x266_cc2b51b24a02a712211c88aa455e6e5b.jpg","柠檬,蜂蜜,白醋 ","4.8分","https://www.douguo.com/u/u36512149909087.html","
                             大妹纸666
                        ","https://tx1.douguo.com/upload/photo/1/e/3/70_u36512149909087230557.jpg"
"瘦身养颜餐2","https://www.douguo.com/cookbook/2498207.html","https://cp1.douguo.com/upload/caiku/b/7/6/400x266_b7f1f07c274eba166d712675f3f19a36.jpeg","西红柿,青提或葡萄,榨汁机（摩飞杯） ",,"https://www.douguo.com/u/u83812284710035.html","
                             二次元的乌龙
                        ","https://tx1.douguo.com/upload/photo/2/4/b/70_u83812284710035200309.jpeg"
"菠菜柠檬瘦身汁","https://www.douguo.com/cookbook/1185786.html","https://cp1.douguo.com/upload/caiku/1/a/b/400x266_1a5a65e5e52238f32500ff1facc2676b.jpg","菠菜,苹果,柠檬,水 ",,"https://www.douguo.com/u/u32562302449112.html","
                             ゛北极筱蓝メ
                        ","https://tx1.douguo.com/upload/photo/d/e/7/70_de1db88d70835284ece3ac3398ce3ea7.jpg"
"#餐桌上的春日限定#纤体瘦身果蔬汁","https://www.douguo.com/cookbook/2447718.html","https://cp1.douguo.com/upload/caiku/6/d/f/400x266_6d6f2e93f4dcae67137643ee9293b55f.jpg","苹果,芹菜,纯净水 ",,"https://www.douguo.com/u/u70494105133702.html","
                             salila82
                        ","https://tx1.douguo.com/upload/photo/1/4/d/70_u70494105133702200636.jpg"
"瘦身蔬菜汁","https://www.douguo.com/cookbook/1190113.html","https://cp1.douguo.com/upload/caiku/3/0/d/400x266_30260e721665c84f8dec59c1c1a3c87d.jpg","胡萝卜,西红柿,西蓝花 ",,"https://www.douguo.com/u/u27963358959443.html","
                             钱樱心
                        ","https://tx1.douguo.com/upload/photo/a/3/d/70_u27963358959443162304.jpg"
"罗非鱼营养又瘦身","https://www.douguo.com/cookbook/1705690.html","https://cp1.douguo.com/upload/caiku/c/1/2/400x266_c135146389b736bd215e2c5d18c0e492.jpg","料酒,姜末,盐,胡椒粉,罗非鱼,薏仁米 ",,"https://www.douguo.com/u/u56732698810421.html","
                             BARBIEYI
                        ","https://tx1.douguo.com/upload/photo/e/2/d/70_u56732698810421212330.jpg"
"营养瘦身汤饭","https://www.douguo.com/cookbook/1420487.html","https://cp1.douguo.com/upload/caiku/e/1/9/400x266_e150661e397212368911b7c181985149.jpg","胡萝卜，白菜,虾仁,鸡蛋,火腿肠,胡椒粉，鸡精，盐,米饭 ",,"https://www.douguo.com/u/u83398876348154.html","
                             莫语虚伪
                        ","https://tx1.douguo.com/upload/photo/9/c/4/70_u83398876348154193727.jpg"
"素食饺子瘦身饺子","https://www.douguo.com/cookbook/1690826.html","https://cp1.douguo.com/upload/caiku/8/c/1/400x266_8ce3bf88d3f49fedeb33e5bf0d9c3811.jpg","鸡蛋,青椒,盐巴,椒盐粉,海鲜酱油,热狗肠切粒,虾米 ",,"https://www.douguo.com/u/u124399214547.html","
                             篱笆墙外的馋猫儿
                        ","https://tx1.douguo.com/upload/photo/0/0/6/70_u124399214547002523.jpg"
"瘦身养颜就靠它了","https://www.douguo.com/cookbook/1512177.html","https://cp1.douguo.com/upload/caiku/4/a/4/400x266_4a4d982fb7561f4aed15add9db27b764.jpg","芹菜,哈密瓜,柠檬,苹果 ",,"https://www.douguo.com/u/u69173427687363.html","
                             格丽思小厨房
                        ","https://tx1.douguo.com/upload/photo/b/b/a/70_u6917342768736307221534.jpg"
"减肥—瘦身蔬菜肠","https://www.douguo.com/cookbook/2071509.html","https://cp1.douguo.com/upload/caiku/2/2/1/400x266_226ec61c6b0085d9a0075bc547a72ed1.jpeg","肠衣,玉米,胡萝卜,木耳,鸡蛋,油麦菜 ",,"https://www.douguo.com/u/u41929151220923.html","
                             丽质姐
                        ","https://tx1.douguo.com/upload/photo/e/2/1/70_u41929151220923150254.jpeg"
"瘦身食谱   糙米拌饭","https://www.douguo.com/cookbook/3002422.html","https://cp1.douguo.com/upload/caiku/4/7/6/400x266_47459e5c299749aa4a40561d88845cf6.jpeg","糙米提前浸泡24小时,蔬菜你喜欢吃的,鸡胸肉,鸡蛋 ",,"https://www.douguo.com/u/u97840873564519.html","
                             不爱刷碗的塔塔塔
                        ","https://tx1.douguo.com/upload/photo/1/5/b/70_u97840873564519155845.jpeg"
"#硬核菜谱制作人#瘦身藜麦营养餐","https://www.douguo.com/cookbook/2321185.html","https://cp1.douguo.com/upload/caiku/3/4/1/400x266_3445761430f5efb1dd29bd1c72bc8161.jpg","藜麦,火龙果,香蕉,牛奶,葡萄干,蓝莓,杏仁 ",,"https://www.douguo.com/u/u70494105133702.html","
                             salila82
                        ","https://tx1.douguo.com/upload/photo/1/4/d/70_u70494105133702200636.jpg"
"蔬菜瘦身汤","https://www.douguo.com/cookbook/1224330.html","https://cp1.douguo.com/upload/caiku/6/6/6/400x266_660997f44aff3c87e58e940116ce6766.jpg","西兰花,紫洋葱,胡萝卜,西芹,番茄,莴笋,玉米 ","5分","https://www.douguo.com/u/u10656789599069.html","
                             独佳记忆2010
                        ","https://tx1.douguo.com/upload/photo/b/d/d/70_u10656789599069180353.jpg"
"瘦身什锦沙拉 #做道懒人菜，轻松享假期#","https://www.douguo.com/cookbook/2296485.html","https://cp1.douguo.com/upload/caiku/9/6/9/400x266_96a2eef7e410cb242995ba7b23c7c519.jpg","芝麻菜,结球生菜,小番茄,贻贝,天然博士有机蛋白粉,橄榄油,凉拌油醋汁,洋葱 ",,"https://www.douguo.com/u/u50164468.html","
                             舞之灵1027
                        ","https://tx1.douguo.com/upload/photo/3/1/f/70_u5016446810201929.jpg"
"杜坎瘦身食谱","https://www.douguo.com/cookbook/1588513.html","https://cp1.douguo.com/upload/caiku/a/c/e/400x266_ace5547461e319c0aaa8b5d89425c63e.jpeg","带鱼,鸡蛋,燕麦麸粉,黑胡椒,青柠 ","5分","https://www.douguo.com/u/u01070720486868.html","
                             白娘子驿站
                        ","https://tx1.douguo.com/upload/photo/1/3/4/70_u01070720486868201448.jpg"
"瘦身蔬菜汤","https://www.douguo.com/cookbook/1269662.html","https://cp1.douguo.com/upload/caiku/c/2/5/400x266_c216833b617e06aa24966f4ebcedc185.jpg","洋葱,西红柿,土豆,胡萝卜,青菜,豆腐,芹菜,玉米,生姜,胡椒粉,芝麻油,食用油,食盐 ",,"https://www.douguo.com/u/u41611853159809.html","
                             就酱2
                        ","https://tx1.douguo.com/upload/photo/7/e/1/70_u41611853159809181633.jpg"
"最简单的瘦身餐","https://www.douguo.com/cookbook/1563265.html","https://cp1.douguo.com/upload/caiku/5/4/6/400x266_5475af8f9cb4a47cf17518da80633286.jpeg","四季豆,胡萝卜,硬豆腐,鸡蛋,中筋面粉,砂糖,盐 ",,"https://www.douguo.com/u/u9708028662450.html","
                             wkkkw
                        ","https://tx1.douguo.com/upload/photo/f/c/1/70_u9708028662450154119.jpeg"
